# compartments,# leaks,Leak locations,Input,Output,Identifiable,Square,Rank,Singular Locus
1,0,"",1,1,True,False,0/0,0
1,1,"1",1,1,True,False,1/1,1
2,0,"",1,1,True,False,2/2,1
2,0,"",1,2,True,False,2/2,-1
2,0,"",2,2,True,False,2/2,-1
2,1,"1",1,1,True,False,3/3,-k12
2,1,"1",1,2,True,True,3/3,-k01+k12
2,1,"1",2,2,True,False,3/3,k12
2,1,"2",1,1,True,False,3/3,-k21
2,1,"2",1,2,True,True,3/3,k21
2,1,"2",2,2,True,False,3/3,k21
2,2,"1,2",1,1,False,False,3/4,0
2,2,"1,2",1,2,False,False,3/4,0
2,2,"1,2",2,2,False,False,3/4,0
3,0,"",1,1,True,False,4/4,-k12*k21
3,0,"",1,2,True,False,4/4,k21*(k21-k23)
3,0,"",1,3,False,True,3/4,0
3,0,"",2,2,True,False,4/4,k23^2-k23*k12-k23*k21+k32*k21
3,0,"",2,3,True,False,4/4,-k32*(k23-k12-k21)
3,0,"",3,3,True,False,4/4,k23^2*k32
3,1,"1",1,1,True,True,5/5,-k23*k21*k12^2
3,1,"1",1,2,True,False,5/5,k23*(k01*k23+k12*k21-k23*k12+k01*k12+k01*k32-k01*k21-k01^2)*k21
3,1,"1",1,3,False,False,4/5,0
3,1,"1",2,2,True,True,5/5,k23*(k01*k12+k32*k21-k01*k23-k23*k12+k01*k32-k23*k21+k23^2)*k12
3,1,"1",2,3,True,False,5/5,-(k01*k12+k23^2-k01*k23-k23*k21-k23*k12)*k32*k12
3,1,"1",3,3,True,True,5/5,k23^3*k32*k12
3,1,"2",1,1,True,True,5/5,-k23*k12*k21^2
3,1,"2",1,2,True,False,5/5,k21^2*(k21-k23)*k23
3,1,"2",1,3,False,False,4/5,0
3,1,"2",2,2,True,True,5/5,k21*k23*(k23^2+k21*k02+k32*k21-k21*k23-k12*k23-k02*k23)
3,1,"2",2,3,True,False,5/5,(k12*k23-k23^2+k21*k23+k02*k23-k21*k02)*k21*k32
3,1,"2",3,3,True,True,5/5,k32*k21*k23^3
3,1,"3",1,1,True,True,5/5,-k32*k12*k21^2
3,1,"3",1,2,True,False,5/5,-k32*(k03+k23-k21)*k21^2
3,1,"3",1,3,False,False,4/5,0
3,1,"3",2,2,True,True,5/5,(k03^2+2*k03*k23-k21*k03-k03*k12+k23^2-k21*k23-k03*k32+k21*k32-k23*k12)*k21*k32
3,1,"3",2,3,True,False,5/5,(k21-k03-k23+k12)*k21*k32^2
3,1,"3",3,3,True,True,5/5,k21*k23*k32^2*(k03+k23)
3,2,"1,2",1,1,False,True,5/6,0
3,2,"1,2",1,2,False,False,5/6,0
3,2,"1,2",1,3,False,False,4/6,0
3,2,"1,2",2,2,False,True,5/6,0
3,2,"1,2",2,3,False,False,5/6,0
3,2,"1,2",3,3,False,True,5/6,0
3,2,"1,3",1,1,False,True,5/6,0
3,2,"1,3",1,2,False,False,5/6,0
3,2,"1,3",1,3,False,False,4/6,0
3,2,"1,3",2,2,False,True,5/6,0
3,2,"1,3",2,3,True,False,6/6,k21*k32^2*k12^2
3,2,"1,3",3,3,False,True,5/6,0
3,2,"2,3",1,1,False,True,5/6,0
3,2,"2,3",1,2,False,False,5/6,0
3,2,"2,3",1,3,False,False,4/6,0
3,2,"2,3",2,2,False,True,5/6,0
3,2,"2,3",2,3,True,False,6/6,k32^2*k12*k21^2
3,2,"2,3",3,3,False,True,5/6,0
3,3,"1,2,3",1,1,False,False,5/7,0
3,3,"1,2,3",1,2,False,False,5/7,0
3,3,"1,2,3",1,3,False,True,4/7,0
3,3,"1,2,3",2,2,False,False,5/7,0
3,3,"1,2,3",2,3,False,False,6/7,0
3,3,"1,2,3",3,3,False,False,5/7,0
4,0,"",1,1,True,False,6/6,-2*(k32*k21*k34+k12*k34*k43+k21*k34*k43-k32*k21*k43-k21*k34^2+k12*k34*k23-k32*k34^2+k21*k34*k23+k34^3+k32*k34*k43-k34*k43*k23-k34^2*k23-k12*k34^2-k34*k43^2)*k12^2*k21^2
4,0,"",1,2,True,False,6/6,2*k12*k21^2*(k12*k34^2*k23+k34^2*k23*k32+k12*k21*k34*k23-k34^3*k23+k21*k43*k23*k32-k12*k34*k43*k23-k12*k21*k34^2+k34^2*k23^2+k21^2*k34*k23+k34^2*k43*k23+k21^2*k34*k32+k21*k34^3-k21*k34*k43^2-k21*k34^2*k32-k21^2*k43*k32-k21*k34*k23*k32-k12*k34*k23^2-k21^2*k34^2+k21*k43^2*k32+k12*k21*k34*k43-2*k21*k34*k43*k23+k21^2*k34*k43-k21*k34*k23^2)
4,0,"",1,3,True,True,6/6,2*k21^2*(k21*k34^2*k32+k21^2*k23*k32-k12*k34^2*k23+k21^3*k34+k12*k21*k32^2-k21^2*k34^2-k21^2*k43*k34+k12^2*k34*k23+k21^2*k32^2+2*k12*k34*k23*k32+k21*k43*k34*k32+k21^2*k43*k32-k12*k34*k32^2-k21^3*k32+k12^2*k21*k32-k21*k34*k32^2+k12*k43*k34*k32-k21*k34*k23*k32-k12*k21*k43*k32-k21^2*k34*k23-2*k12*k21*k34*k32+k12^2*k43*k34+k12^2*k34^2+k12*k21^2*k34-2*k12^2*k34*k32+k21*k34^2*k23-k12^3*k34-k12*k21*k23*k32+k12*k34^2*k32-k21*k43*k32^2-k12^2*k21*k34)*k43*k34*k32
4,0,"",1,4,False,False,5/6,0
4,0,"",2,2,True,False,6/6,-2*k21^2*k34*k43*k23*k32^2+2*k12^2*k21^2*k43^2*k32-2*k12*k21^2*k43*k23^2*k32+2*k12^2*k21*k34*k23^3+2*k12^2*k21*k34^2*k23*k32+2*k12*k21*k34^3*k23^2-4*k12*k21^2*k43^2*k23*k32+2*k12*k21^3*k43^2*k32+2*k21*k34^2*k43*k23^2*k32-2*k12^2*k21*k34*k43*k23*k32+2*k12*k21^2*k34*k23^3-2*k12^2*k21^2*k34^2*k32+2*k12*k21^3*k34^2*k23+4*k12^2*k21*k34*k43*k23^2-2*k12^3*k21*k34*k23^2-2*k12*k21^2*k34*k43^2*k32+4*k12^2*k21^2*k34^2*k23-2*k12*k21^3*k34^2*k32+2*k12*k21^2*k34*k43*k23*k32-2*k12*k21*k34^2*k23^3+2*k12*k21^2*k34*k43^2*k23+2*k12*k21^2*k34^2*k43*k32+2*k12*k21^3*k43*k23*k32-2*k12*k34^2*k43*k23^2*k32+2*k12*k21^2*k34^3*k32-2*k21^2*k34*k43*k23^2*k32+2*k12*k21^2*k34*k23^2*k32-2*k12*k21^2*k34^3*k23-4*k12^2*k21^2*k34*k43*k23-2*k12*k21^2*k34^2*k32^2+2*k21^3*k34*k43*k23*k32+2*k21*k34^2*k43*k23*k32^2-2*k12*k21*k34^2*k43*k23^2-2*k21^2*k34*k43^2*k23*k32-2*k12*k21^3*k43*k32^2+2*k12^3*k21*k34^2*k23-2*k12*k21^2*k43^3*k32-2*k12*k21*k34^2*k23^2*k32-2*k12*k21^3*k34*k23^2+2*k12^2*k21*k34*k43^2*k23+2*k12^2*k21^2*k43*k23*k32+4*k12*k21^2*k34*k43*k23^2-2*k12^3*k21*k34*k43*k23+2*k12*k21^2*k43^2*k32^2-2*k21^2*k34^2*k43*k23*k32-2*k12^2*k21*k34^3*k23+2*k12*k21^3*k34*k32^2-4*k12^2*k21^2*k34*k23^2-2*k12*k21^3*k34*k43*k23+2*k21*k34*k43^2*k23*k32^2
4,0,"",2,3,True,False,6/6,2*(k34*k32*k12*k21^3+k34*k43*k23*k32*k21^2+k34^3*k43*k32*k21+k34^2*k43*k23*k32*k12-k34^2*k43*k12^3-k43*k32*k12^2*k21^2-k34*k23^2*k12*k21^2+k34*k23*k12^3*k21+k34^3*k12*k21^2-k34^2*k32*k12^2*k21+k34^2*k43*k12*k21^2-2*k34*k43*k23*k12*k21^2+2*k34*k23*k12^2*k21^2-k34*k23*k32*k12*k21^2+k34^2*k43*k21^3-k34^2*k43*k23*k32*k21+2*k34*k43*k12^2*k21^2-k34^2*k43*k32*k12^2-k34^3*k23*k12*k21+k34*k43^2*k32*k21^2-k34^2*k12^3*k21+k34*k43*k32*k12^2*k21-k34*k43^2*k12*k21^2+k34*k43*k12^3*k21+k43^2*k32*k12*k21^2+k34*k43*k32^2*k21^2-2*k34^2*k12^2*k21^2+k34^2*k43*k23*k12*k21+k34^2*k23*k32*k12*k21+k34^3*k43*k12^2+k34*k43*k12*k21^3-k34*k23^2*k12^2*k21-k34^2*k43^2*k21^2+k43*k23*k32*k12*k21^2-k34^2*k43*k32^2*k21-k34^2*k43*k12^2*k21-2*k34*k43*k23*k12^2*k21+k34^2*k43*k23*k12^2-k34^2*k32*k12*k21^2+k34^2*k43^2*k32*k21-k34^3*k43*k23*k12+k34^3*k12^2*k21-k34^2*k12*k21^3-k34*k43*k32*k21^3-k34*k43*k32*k12*k21^2-k34*k43^2*k32^2*k21+k34*k32*k12^2*k21^2-k43*k32*k12*k21^3+k34^2*k43^2*k12^2-k34^3*k43*k21^2+k34^3*k43*k23*k21-k34^2*k43*k23*k21^2-k34*k43^2*k12^2*k21+k34^2*k23^2*k12*k21+k34*k23*k12*k21^3)*k32
4,0,"",2,4,True,True,6/6,-2*(k21^2*k34-k32^2*k21-k21^2*k43-k32*k34^2-k32*k34*k43+2*k32*k21*k34+k32*k21*k43+k23*k34^2-2*k23*k12*k21-k12^2*k43+k23^2*k21+k12^2*k34-k32*k12*k43+k23^2*k12+2*k32*k12*k34+k32^2*k34-k32*k21^2+k21*k43^2-2*k12*k21*k43+2*k12*k21*k34+2*k23*k21*k43-k21*k34^2-k23*k32*k12-k23*k34*k43-k12*k34^2+2*k23*k12*k43+k12*k43^2-k23*k21^2-k23^2*k34-k32*k12*k21-k23*k12^2)*k32*k12*k21*k34*k43^2
4,0,"",3,3,True,False,6/6,-2*(k23^2*k12*k34^2+k21^3*k34^2+k32^2*k21*k43^2+k32*k21^3*k43+k23*k32*k12*k34^2+k12*k21*k34^3-k23*k32*k12*k34*k43+k23*k21*k34^3-k23*k32*k21^2*k43+k23*k12^2*k34^2-2*k32*k12*k21*k34^2-k32*k21^2*k43^2+k32*k12*k21*k43^2+2*k23*k32*k21^2*k34-k21^2*k34^2*k43-k23*k12^2*k34*k43-k23*k12*k21*k34^2+k23^2*k21^2*k34-k32^2*k21*k34^2-k32*k21^3*k34-k21^2*k34^3-k32^2*k21^2*k43+k12*k21*k34^2*k43-k23^2*k12^2*k34+k32*k21*k34^3+k32*k21*k34^2*k43+k32*k12*k21^2*k34-k23^2*k21*k34^2-k23*k21^3*k34+k23*k21^2*k34*k43-2*k23*k32*k21*k34^2-k32*k12*k21^2*k43+k32^2*k21^2*k34-k23*k12*k34^3+k23*k12^2*k21*k34+k23*k32*k12*k21*k43-k12^2*k21*k34^2)*k34*k43
4,0,"",3,4,True,False,6/6,-2*(k23*k21^3*k34-k32^2*k21^2*k34+k23^2*k21*k34^2-2*k23*k32*k21^2*k34+k32*k21*k12*k34*k43-k23*k32*k21*k12*k43+k32^2*k21*k34*k43+k23*k32*k21*k34*k43-k21*k12*k34^2*k43-k32*k21^2*k12*k34-k23*k21*k12^2*k34-k21*k12*k34^3+k23*k21*k12*k34*k43-k23*k12^2*k34^2-k23*k21^2*k34*k43-k32*k21*k34^2*k43-k23^2*k12*k34^2+k21^2*k34^2*k43-k32*k21^2*k34*k43-k32*k21*k34^3+k21*k12^2*k34^2+2*k32*k21*k12*k34^2+k23*k12*k34^3-k21^3*k34^2+k32^2*k21*k34^2+2*k23*k32*k21*k34^2+k32*k21^3*k34-k23^2*k21^2*k34+k23*k21*k12*k34^2+k21^2*k34^3-k23*k21*k34^3+k23^2*k12^2*k34-k23*k32*k12*k34^2)*k43^2
4,0,"",4,4,True,False,6/6,2*(k23*k21^2-k23*k12*k21+k32*k21^2-k12*k21*k34+k32*k12*k21-k32*k21*k43+k23*k12*k34+k21^2*k34-k32*k21*k34+k21^2*k43-k23*k21*k34-k21^3-k12*k21*k43+k12^2*k21)*k34^3*k43^2
4,1,"1",1,1,True,False,7/7,-k12^3*(2*k34*k23-k32*k23-2*k12*k23-2*k34^2+2*k34*k43+2*k12*k34-2*k32*k43-2*k12*k43+2*k32*k34)*k21^2*k34*k23
4,1,"1",1,2,True,False,7/7,k34*k21*(3*k01^2*k21^2*k43*k23*k12+2*k21^3*k43^2*k32-2*k01^2*k34^2*k21*k23-k01*k34^3*k23*k32-4*k34^2*k21*k43*k23*k32+3*k01*k34*k21^2*k43*k23*k12-k34^3*k21*k23*k12+k01^2*k34*k21*k23*k12-k01*k34*k21*k23^3-2*k01^2*k34*k23^2*k32-k01^3*k43*k23*k32+2*k34*k21*k43^2*k12^2+k34^2*k21*k23*k32*k12+3*k01^2*k21^2*k23^2*k12+k01^2*k43*k23*k32^2+k34*k43*k23^2*k12^2+k34^2*k21*k23*k12^2-k01^2*k34*k43^2*k23-k01*k21^2*k43*k23*k32+2*k01*k34*k21*k43*k32^2+3*k01*k34*k21^2*k23^2*k12+2*k34*k21*k43^2*k32*k12+k34*k43*k23^2*k32*k12+k01*k21*k43^2*k23*k12^2-2*k01*k34^3*k21*k43+k01*k21*k43*k23^2*k32^2-k34^2*k21^3*k23*k12+2*k01*k21*k43^2*k23*k32*k12+k01*k21^3*k23^2*k32-4*k01*k34^2*k21^3*k43-2*k34*k21*k43^3*k32+4*k01*k34*k21^3*k43*k32+2*k34*k21^2*k43*k32^2-2*k21^2*k43^2*k23*k32+k01*k34^2*k21^3*k23-k34*k21*k43*k23^2*k32*k12-k01^2*k34*k23^2*k12-2*k34^2*k21*k43*k23^2+2*k01^2*k34*k21*k23*k32+2*k34*k21^4*k43*k32-k01*k34^3*k23^2+k01*k34^3*k21*k23-k01^3*k43*k23*k12-k01*k34^3*k23*k12-2*k34*k21^3*k43*k32*k12-k01*k34*k21^2*k43*k23*k32-2*k21^3*k23^2*k12^2-3*k01*k34*k21^2*k43^2*k23-2*k34^2*k21*k43*k23*k12+k01*k34*k21^2*k23^2*k32+k01*k21*k43^2*k23*k32^2+2*k01*k34*k21*k43^3+k01^2*k43*k23*k12^2+2*k01^2*k21^2*k23^2*k32+4*k01*k34*k21^2*k23*k32*k12-k34*k21*k23^3*k12^2+2*k34^3*k21*k43*k23+k01*k21*k23^2*k12^2+2*k01^2*k34^2*k21*k43-2*k34*k21*k43^3*k12+2*k01*k21^2*k43^2*k32*k12+2*k34*k21^4*k43^2-2*k34*k21^3*k43^2*k32+2*k01*k21*k43*k23^2*k12^2+2*k01*k21^3*k23^2*k12+k21^2*k43*k23*k32*k12+k01^2*k23^2*k12^2+2*k34*k21^2*k43*k32*k12-k01*k34^2*k21*k23^2*k12+k01^3*k21*k43*k23*k12-k01*k21*k43^2*k23*k32-3*k01*k21^2*k43*k23*k12^2+2*k01^2*k34*k21*k43*k23^2-k01*k43^2*k23*k32^2+k34*k21*k23^3*k12-k34^2*k23^3*k12-2*k01*k34*k21^3*k23*k12+4*k01*k34^2*k21^2*k43-2*k34*k21^2*k43*k23^2*k32-2*k01*k21*k43^3*k32-2*k21^2*k43^3*k32*k12+k34*k21^2*k43^2*k23*k12-2*k01^2*k21^2*k43^2*k32+2*k21^2*k43^2*k23*k12^2-2*k34^2*k21*k43*k32^2+2*k34*k21^4*k43*k23-2*k01*k43*k23^2*k12^2-k01*k34*k21*k23*k12^2-2*k01*k34*k21^2*k43^2*k32+3*k01*k21*k43*k23^2*k32*k12-2*k01^2*k34*k23*k32*k12-k01^2*k34*k43*k23*k32+2*k34^3*k21*k43*k32-2*k01^2*k34*k21*k43*k32-k01^2*k21*k43^2*k23*k12+2*k01*k34*k21*k43*k32*k12+2*k21*k43^3*k32^2+2*k01*k34^2*k23^2*k32-2*k21^4*k43*k23*k32-k34*k21*k23^3*k32*k12+2*k21^3*k43*k23^2*k32-2*k01^2*k21*k43*k23^2*k32+k01*k34^3*k21*k23^2+k01^2*k34*k21*k23*k32^2+2*k01^2*k43*k23*k32*k12+2*k01*k21^3*k43*k23*k12+2*k21^3*k43^3*k32-k01*k34*k21*k43^2*k23*k12-4*k34*k21^3*k43^2*k23-2*k01^2*k34*k21^2*k23^2+k01*k34^2*k23^3-k01*k34*k21^3*k23*k32+k01*k34*k21*k23^2*k32*k12-k01*k43^2*k23*k12^2+2*k01^2*k34*k21^2*k43^2-2*k34*k21^2*k43*k23^2*k12+4*k21^2*k43*k23^2*k12^2+k34*k21^3*k23^2*k12+k01^3*k21*k43*k23*k32-2*k01*k34^2*k21*k23^2*k32-4*k01*k21^3*k43^2*k32+k01*k21^2*k43*k23*k32^2+k01^2*k23^3*k12-k21^3*k23^2*k32*k12-2*k01^2*k21*k23^2*k32*k12-k01*k34*k21*k23*k32^2-k01*k34^2*k21^2*k23*k12+k01^3*k34^2*k21*k23+k01*k21*k43*k23^2*k32+k01*k21*k23^3*k12^2-2*k21^2*k43^2*k23*k32^2-k34^2*k23^2*k12^2-k34*k21*k23^2*k12^2+k34*k21*k43*k23*k12^2-2*k34^2*k21*k43*k12^2-2*k01*k21*k43^2*k32^2+2*k34^3*k21*k43*k12-k01^2*k34*k43*k23*k12+2*k34^2*k21^2*k43^2*k23+4*k21^3*k43^2*k23*k32+4*k34^2*k21^2*k43*k32*k12-k01^2*k21*k43^2*k23*k32-k01*k34*k21*k43*k23^2*k12-k01^2*k34*k23^3+2*k21^3*k43^2*k32^2-3*k01*k21^3*k43*k23*k32-k01*k34^2*k21^2*k23-k01^3*k34^2*k23-k01*k34*k21*k43^2*k23*k32-2*k01^2*k21*k43*k23^2*k12+k01*k34^2*k23^2*k12+2*k34*k21^2*k43*k23^2+k01^2*k34*k21*k23*k12^2+2*k34^2*k21^3*k43+3*k01*k34*k21^3*k43*k23+3*k01*k34*k21^2*k23*k12^2+2*k01*k34*k21*k43^2*k32+2*k01*k21*k43*k23*k32*k12-k34*k21^2*k43*k23*k12+k01^2*k43*k23^2*k32-k01^3*k23^2*k12+2*k01^2*k21*k43^2*k32-2*k34^2*k21^4*k43+k01^3*k34*k23*k32+2*k34^2*k21^2*k43*k32^2-k01^2*k21*k23^3*k12-2*k01^2*k34*k43*k23^2-2*k01^2*k34*k21*k43^2-k34*k21*k43*k23^2*k12^2-k34*k21^2*k23^3*k12-k34^2*k21^2*k23*k32*k12+2*k34*k21^2*k43^2*k32+2*k01*k21^2*k43^3*k32-k01^2*k21*k23^2*k32^2+k01^2*k43^2*k23*k12-2*k34*k21^2*k43^2*k32*k12+k01*k34*k21*k23^2*k32^2+k01*k34*k43^2*k23*k12-2*k34^3*k21^2*k43-k01*k34*k21*k43*k23*k12+4*k34^2*k21^2*k43*k23*k32+2*k21^3*k43^2*k32*k12+k01^2*k34*k21*k23^3+k21*k43^2*k23*k32*k12+k01^3*k21*k23^2*k32+k01^2*k34^3*k23-2*k34^3*k21^2*k43*k32-k01^2*k34*k23*k32^2+2*k01^2*k34*k21^2*k43*k32+k01^3*k34*k43*k23-k01^2*k21*k43*k23*k12-2*k21^2*k43^3*k32^2-k01*k34*k21^3*k23^2-2*k01*k34^2*k21*k23*k32*k12-2*k01*k21*k43^2*k32*k12+2*k01^2*k43*k23^2*k12-k34*k21^2*k23^2*k12^2+4*k34*k21^2*k43*k23*k32-2*k01*k43*k23^2*k32*k12+2*k34^2*k21^2*k43*k12^2-k01^2*k21*k23^3*k32+2*k01*k21^2*k43^2*k32^2+k01^3*k34*k23*k12+4*k01*k34*k21^3*k43^2+k01*k34*k43*k23^2*k12+k01*k34*k21^2*k23*k32^2-k21^2*k43^2*k23*k32*k12+k01*k34^2*k21*k23*k12+k01*k34*k21*k23^3*k32+k34^3*k23^2*k12-2*k34*k21^3*k43*k32^2+k01*k34*k43^2*k23*k32-4*k01*k34*k21^2*k43*k32-2*k01*k34*k21*k23*k32*k12+k34^2*k21^2*k23*k12+k01^2*k43^2*k23*k32-k01^2*k21*k23^2*k12^2-k01^2*k34^3*k21*k23+k01^3*k21*k23^2*k12-2*k01*k21^2*k43*k23*k32*k12+k21^2*k23^3*k32*k12+k01^2*k23^2*k32*k12+2*k34^2*k21^2*k43*k23*k12+2*k34*k21^2*k43^3+3*k01*k34*k21*k43*k23*k32-2*k34*k21^3*k43*k23+2*k01^2*k34*k21*k23^2-k34*k21^2*k23*k32*k12-2*k34^2*k21*k43^2*k23-k01^2*k34*k23*k12^2-2*k34^3*k21^2*k43*k12-2*k01^2*k21*k43*k23*k32+k34^3*k21^2*k23*k12-2*k34*k21^3*k43^2-2*k21^2*k43^2*k32^2-k01*k34^2*k21*k23^3-k21*k43*k23^2*k32*k12-3*k01^2*k34*k21^2*k23*k12-4*k01*k21^2*k23^2*k32*k12+2*k21^2*k23^3*k12^2+k01*k34*k21^2*k23^2+2*k01^2*k34*k21*k23*k32*k12-3*k01*k34*k21^2*k43*k23+2*k34^3*k21^3*k43+k34^2*k21*k43*k23^2*k12-2*k34*k21^3*k43*k23^2+k01*k34^3*k21*k23*k12-2*k34*k21^3*k43*k23*k32-k01^2*k21*k43*k23*k32^2+k01*k34^2*k23*k32^2+2*k21^3*k43*k23*k32^2+k01^2*k34*k21*k23^2*k32-2*k01*k34*k21^2*k43*k32*k12-k01*k34^3*k21^2*k23+4*k01*k21^2*k43^2*k32+2*k21*k43^3*k32*k12+k01^2*k34*k21*k43^2*k23+2*k34*k21^2*k43^3*k32-k34*k21*k43^2*k23*k12+k01^2*k34*k21*k43*k23*k32+k01*k34^2*k43*k23^2-k34*k21^2*k23^2*k12-2*k34*k21^2*k43*k23*k32^2-2*k01*k21^2*k23^3*k12-k01^3*k34*k21*k23^2-2*k01*k34*k21^2*k43^3-k01*k34^2*k21*k23*k12^2-k01^3*k34*k21*k23*k12+k01*k34*k21^2*k23*k32+k34*k21^3*k23*k32*k12-4*k01*k21^2*k43*k23^2*k12-k01*k23^3*k12^2+3*k01*k21^2*k43^2*k23*k32-2*k01*k34*k21^2*k43*k32^2-k01*k34*k21*k23^2*k12-4*k34*k21^2*k43*k23*k32*k12-2*k34*k21^3*k43*k32+k01*k21*k43*k23*k12^2-2*k34*k21^2*k43^2*k12^2+k34^2*k21*k23^3*k12+k34^2*k21*k23^2*k32*k12-k01^2*k21*k23^2*k12-2*k01^2*k34^2*k21^2*k43-k01*k21^2*k23^2*k32^2-k34^2*k21^2*k23*k12^2+2*k01^2*k34^2*k21^2*k23+3*k01*k34*k21*k43^2*k23-2*k01^2*k34*k21^2*k23*k32+2*k34^2*k21^2*k43*k23^2+k21^3*k43*k23*k32*k12+2*k01*k34^2*k23*k32*k12-2*k01^2*k21*k43*k23*k32*k12-2*k21^3*k43*k23*k12^2+4*k34*k21^2*k43^2*k23+k01*k34^2*k23*k12^2-2*k21^2*k43^3*k32+k34*k21^3*k43*k23*k12-k01^2*k21*k43*k23*k12^2-k34^3*k21*k23^2*k12-4*k34^2*k21*k43*k32*k12+k01^2*k34*k21*k23^2*k12+k01*k34*k21^2*k23^3-k01^3*k34*k21*k43*k23+k01*k21*k23^3*k32*k12-2*k34*k21^3*k43^3+k01^3*k34*k23^2-k34^2*k23^2*k32*k12+k34*k21*k23^2*k32*k12+k01*k34^3*k21*k23*k32-k01*k34^2*k21*k43*k23^2-k01*k34^2*k21*k23*k32^2+2*k34*k21^3*k23*k12^2+2*k01*k34^3*k21^2*k43-k01^3*k34*k21*k23*k32+2*k21^2*k43*k23^2*k32*k12+k34^2*k21*k23^2*k12^2+2*k34*k21^2*k43^3*k12-2*k21^4*k43^2*k32-k01*k21^2*k23^3*k32-3*k34*k21^2*k43*k23*k12^2-2*k01*k43^2*k23*k32*k12+k01^2*k34*k21*k43*k23*k12-4*k01*k34*k21^2*k43^2-2*k34^3*k21^2*k43*k23+k34*k23^3*k12^2+2*k34*k21*k43*k23^2*k12-3*k01*k21^2*k23^2*k12^2-k34^2*k43*k23^2*k12-2*k01*k34*k21*k23^2*k32-2*k01*k21^2*k43^2*k23*k12-2*k21^2*k43^2*k32*k12+k01*k21*k43*k23*k32^2)
4,1,"1",1,3,False,False,6/7,0
4,1,"1",1,4,False,False,5/7,0
4,1,"1",2,2,True,False,7/7,k12*k34*(2*k32*k01*k34^2*k43*k23-k32*k01^2*k34*k23^2-2*k32*k01*k12*k34*k43*k23-k32^2*k01^3*k23-2*k32*k01*k21*k34*k23^2+3*k32*k21*k34*k43*k23^2+5*k32*k01*k12*k21*k23^2-2*k12^3*k21^2*k23-2*k12^2*k21^2*k34^2+2*k01*k12^2*k21*k23^2+2*k32^2*k01^2*k43*k23+k32*k12*k34*k23^3+2*k32*k12*k21^3*k34-k32^2*k21*k34^2*k23+k32^2*k01^2*k23^2+2*k32*k01^2*k12*k21*k34-4*k32*k01*k12*k21^2*k43-2*k12^2*k21*k34*k43*k23+2*k32*k01*k34*k43^2*k23+k32*k01*k34^2*k23^2+2*k12^2*k21*k34^2*k23-3*k32*k01*k12*k34*k23^2+2*k32*k01^2*k12*k43*k23-k32^2*k01*k43^2*k23+2*k32*k01^2*k12*k23^2+2*k32^2*k21^2*k34*k23-2*k32*k12*k21^2*k34^2-4*k01*k12^2*k21^2*k43+2*k12^2*k21^3*k34+2*k01^2*k12^2*k21*k34+k32*k21*k34*k23^3+4*k01*k12^2*k21^2*k34-2*k12^2*k21^3*k43+k32*k12*k34*k43*k23^2-2*k01^2*k12^2*k21*k43+7*k32*k01*k12*k21*k43*k23+4*k32^2*k01*k21*k34*k23+k32^2*k21^2*k23^2-4*k32*k01*k21*k34*k43*k23-k32*k12^2*k21^2*k23+3*k32*k12*k21^2*k34*k23-k32*k01*k12*k43^2*k23+2*k32*k12*k21^2*k43^2-2*k32^2*k21*k34*k43*k23-k32^2*k01*k34*k23^2-2*k32*k01^2*k34*k43*k23-2*k32*k01^2*k12*k21*k43+4*k32*k01*k12*k21^2*k34-k32^2*k21^3*k23-2*k32*k12*k21^3*k43+2*k12^2*k21^2*k43^2-2*k32*k34^2*k43*k23^2+2*k32^2*k01*k21*k23^2+4*k01*k12^2*k21*k43*k23-k32^2*k21*k43*k23^2-4*k01*k12^2*k21^2*k23+2*k32*k12^2*k21^2*k34-k32^2*k21*k34*k23^2-k32*k34^2*k23^3-7*k32*k01*k12*k21^2*k23+2*k32*k21*k34*k43^2*k23-k32^2*k01*k43*k23^2+2*k01*k12^2*k21*k43^2-2*k12^3*k21^2*k43+2*k32*k21*k34^2*k43*k23+2*k32*k01*k12*k21*k43^2+5*k32*k01*k12*k21*k34*k23-6*k32*k12*k21*k34*k43*k23-2*k12^2*k21*k34*k23^2+5*k32*k12*k21^2*k43*k23-k32*k01*k12*k34^2*k23+4*k32^2*k01*k21*k43*k23+3*k32*k01*k34*k43*k23^2+2*k32^2*k21^2*k43*k23+2*k32*k01^2*k12*k34*k23-k32^2*k01*k34^2*k23-2*k32*k01*k12*k21*k34^2-3*k32^2*k01^2*k21*k23+k32*k12*k34^2*k23^2+2*k12^3*k21^2*k34-k32*k01*k12*k23^3+2*k12^2*k21^2*k23^2-2*k01*k12^2*k21*k34^2-3*k32*k12*k21^3*k23-2*k32*k01*k12*k43*k23^2-k32*k21^2*k34*k23^2-2*k32*k21^2*k34*k43*k23-5*k32*k01^2*k12*k21*k23-3*k32^2*k01*k21^2*k23+k32*k01*k34*k23^3-k32^2*k21*k43^2*k23+2*k32^2*k01^2*k34*k23-2*k32*k12^2*k21^2*k43-5*k32*k12*k21*k34*k23^2-k32*k01^3*k12*k23+3*k32*k12*k21^2*k23^2+4*k12^2*k21^2*k43*k23+k32*k21*k34^2*k23^2-2*k01^2*k12^2*k21*k23-2*k12^2*k21^3*k23-2*k32^2*k01*k34*k43*k23)*k23
4,1,"1",2,3,True,False,7/7,k32*(3*k01*k34*k21*k43^2*k32*k12+k01^2*k34*k43^2*k32*k12+k34*k21^2*k23^2*k32^2+3*k01*k34*k21^2*k23*k32-k34^2*k23^2*k12^2-2*k34^2*k21^2*k12^2+2*k34*k21^2*k23^2*k32*k12+k01^2*k34^3*k23-k01^2*k34*k23*k32*k12^2-4*k01*k34^3*k43*k32*k12-3*k01*k34*k21*k23*k32*k12^2+3*k01^2*k34*k21*k32*k12^2-2*k34*k21^2*k43*k32*k12^2-k34^2*k21^3*k23-2*k01*k34^2*k23^2*k32^2-6*k34^3*k21*k43*k32*k12-6*k01*k34*k21*k43*k23*k12+k01*k34*k43*k23*k32^2-2*k01^2*k34*k43*k23*k12-k01*k34*k43*k12^3-2*k34*k21^3*k43*k32*k12+3*k34^2*k21*k23*k32*k12^2+3*k01*k34^2*k43*k32*k12^2-2*k34^2*k21^2*k43*k12-2*k01*k34^2*k21*k23*k12+2*k34^2*k21*k43*k23*k12+k34*k21*k43*k23*k32^2-k01^3*k34*k43*k32*k12-k01*k34*k43*k32^2*k12-2*k01^2*k34^2*k43*k12-k01*k34^2*k21^2*k32*k12-4*k34^2*k21*k43^2*k32*k12+5*k01*k34*k21^2*k43*k12-4*k01^2*k34*k21*k23*k32*k12+4*k34*k21^2*k43*k23*k32*k12+2*k01*k34*k43*k23*k32*k12-2*k01*k34^2*k23^2*k32*k12-3*k01*k34^2*k21^2*k23+k01^2*k34^2*k23^2+k34*k21^3*k23*k32-k34*k21*k23*k32*k12^2-k01^3*k34*k32*k12-3*k34^2*k21*k43*k23*k32^2+4*k01*k34^2*k21*k23*k32^2+k34^2*k21*k23^2*k32+k34^2*k21^2*k23^2-k01^2*k34*k23^2*k32-k01^2*k34^3*k12-2*k01*k34*k21*k23^2*k32-k01^2*k34*k43*k32^2*k12-3*k01*k34*k21*k43*k32^2*k12+2*k34*k21*k43^2*k32*k12-k01*k34^3*k23*k32-k34*k21^2*k23*k32^2*k12+k34*k21*k43*k23*k32*k12-5*k01*k34^2*k43*k23*k32*k12-2*k34*k21^2*k23^2*k12+k01*k34*k43^2*k32*k12-3*k01*k34*k21*k43^2*k12+4*k34^2*k21*k43*k32^2*k12-k01^2*k34*k43^2*k12-2*k01*k34^2*k21*k32^2*k12-2*k34^2*k21*k32*k12^2+k34^2*k23*k32*k12^2+2*k01*k34^2*k23*k32^2*k12+k34^2*k21^2*k43*k23+2*k01^2*k34^3*k32*k12-k01*k34*k23*k32*k12^2+k01^2*k34^2*k43*k23+2*k34*k21^3*k43*k12-4*k01*k34^3*k21*k23*k32+k01^2*k34*k43*k23*k32^2+2*k01*k34*k21*k43*k23*k32^2+2*k01^2*k34*k32*k12^2+3*k01*k34*k21*k32*k12^2+k01*k34^2*k21^2*k12+2*k01^2*k34^2*k21*k12-k34^2*k43*k23*k12^2-k01^2*k34^2*k23*k12+5*k01*k34*k21^2*k23*k12-k01*k34*k23*k12^3+k01*k34^3*k32^2*k12+2*k34^3*k21*k23^2*k32+k34^4*k21*k23*k32+7*k01*k34^2*k21*k23*k32*k12+k01*k21*k23*k32*k12^2+2*k01*k34*k21*k12^3-7*k34^2*k21*k43*k23*k32*k12+6*k34^2*k21^2*k43*k32*k12-4*k01*k34^2*k21*k43*k12+2*k01*k34*k43*k23*k12^2-k01^2*k34*k43*k23*k32-2*k01*k34*k21*k43*k23*k32+2*k01*k34^3*k21*k23-k34^2*k21^2*k23*k12-k01^3*k34*k12^2+k01^3*k34*k32*k12^2-k34*k21^3*k23*k32^2+2*k34^3*k43^2*k32*k12+3*k01^2*k34^2*k43*k32*k12-k34^3*k23*k12^2-5*k01*k34*k21^2*k43*k32*k12+2*k34^3*k21*k12^2-k34^2*k21*k43*k23*k32-2*k34^2*k21*k23^2*k32^2-k34^3*k23*k32*k12^2+k01^2*k34*k23^2*k32^2+2*k01*k34*k21*k23^2*k32^2-k01*k34^4*k32*k12-k01*k34^3*k23*k32^2+3*k34^2*k21*k23*k32*k12+2*k34*k21^3*k23*k12-3*k01^2*k34^2*k21*k23-2*k34^3*k21^2*k23*k32+2*k34^2*k21*k23^2*k12+3*k01^2*k34^2*k21*k23*k32+2*k34*k21^2*k32*k12^2+k01*k34*k21^2*k32^2*k12-2*k01^2*k34^2*k32^2*k12+2*k01*k34^2*k43*k32*k12-3*k01*k34*k21*k23^2*k12-k01^2*k34*k23^2*k12-2*k34*k21^2*k43^2*k12-2*k01*k34^2*k32*k12^2+2*k01*k34^2*k21*k43*k23+2*k34^3*k43*k23*k32^2+k01^3*k34^2*k23*k32-k01*k34^3*k21*k12-k34*k21^2*k23^2*k32-3*k01*k34*k21^2*k23*k32^2+2*k01^2*k34^2*k23*k32^2-k34^4*k23^2*k32-k34^3*k21*k23^2+6*k01*k34*k21*k43*k23*k32*k12+2*k34^4*k43*k32*k12+2*k01^2*k34*k43*k23*k32*k12-k01^2*k34*k23*k32*k12-2*k34^3*k43*k32^2*k12-3*k01*k34*k21*k23*k32*k12-2*k01*k34^2*k21*k43*k23*k32+2*k34^2*k21^2*k23*k32^2+k01*k34^2*k23^2*k32-2*k01^2*k34*k21*k32*k12-2*k34*k21^2*k43*k32*k12-2*k01*k34*k21^2*k12^2-k01*k34*k21^2*k32*k12+3*k01*k34^2*k43*k32^2*k12+k01*k34*k23^2*k12^2+2*k34^2*k21*k23*k32^2*k12+k01*k34*k23^2*k32*k12+3*k01*k34^3*k43*k23*k32+2*k01*k34^2*k21*k23^2-k34^2*k23^2*k32*k12+3*k34^3*k21*k43*k23*k32-2*k01*k34*k43*k32*k12^2+k34*k21^2*k43*k23*k32^2-3*k01^2*k34*k21*k23*k32^2-3*k01*k34^2*k43*k23*k32^2+k01*k34^3*k12^2-2*k34*k21^2*k43*k32^2*k12+2*k01^2*k34*k21*k32^2*k12+3*k01*k34^2*k21^2*k23*k32-k01^2*k34*k23*k32^2*k12-2*k01*k34*k21*k23*k32^2*k12+2*k01*k34^2*k23*k32*k12^2-k01^3*k34*k23*k32*k12+k01^3*k34*k23*k32+2*k34*k21^2*k23*k12^2-3*k01*k34^2*k21*k32*k12^2+4*k34^2*k21*k43*k32*k12^2-2*k34*k21^3*k23*k32*k12-4*k01^2*k34*k21*k43*k32*k12+k01*k34^2*k23*k12^2+k01*k34*k21*k32^2*k12+k01^2*k34*k32^2*k12+2*k34^2*k21*k43*k12^2-3*k01*k34^2*k43^2*k32*k12-3*k34^2*k21*k23^2*k32*k12+k01*k34^3*k32*k12-k34^3*k21*k23*k32-2*k01*k34^2*k21*k23^2*k32+k34^2*k21*k23*k32^2+2*k34*k21^2*k43^2*k32*k12-2*k01^2*k34^3*k23*k32+3*k01*k34*k21*k23^2*k32*k12+k01^2*k34*k23^2*k32*k12-k01*k34^3*k23^2-2*k34*k21^2*k23*k32*k12^2+k34^2*k21^3*k23*k32+2*k01*k34^3*k21*k32*k12+k01^3*k34*k43*k12-3*k34^3*k21*k23*k32*k12+4*k01^2*k34*k21*k23*k12-2*k01*k34*k21*k23*k32^2-4*k34*k21^2*k43*k23*k12-k01^2*k34*k23*k32^2-3*k01*k34^3*k23*k32*k12-k01^2*k34*k43*k32*k12^2-3*k01*k34*k21*k43*k32*k12^2+k34^3*k23^2*k12+k01^3*k34^2*k12+k01^3*k34*k32^2*k12+2*k01*k34^3*k23^2*k32+k01^2*k34*k12^3-2*k34*k21^2*k23*k32*k12+k34^4*k23*k32*k12-2*k01*k34*k21*k43*k32*k12-k34^3*k23*k32^2*k12-2*k34^2*k21*k12^3+k34^2*k23*k12^3-k34^2*k21^2*k43*k23*k32-k01^3*k34*k23*k32^2+k01*k34^2*k23*k32*k12+2*k34^2*k21*k43*k32*k12-k01^2*k34^2*k43*k23*k32+k01*k34*k43^2*k12^2-k34^3*k21*k23*k32^2+k01*k34^3*k32*k12^2+k01*k34^4*k23*k32+3*k34^3*k43*k23*k32*k12+3*k01^2*k34^2*k23*k32*k12-5*k01*k34*k21^2*k23*k32*k12-k01*k34^2*k12^3+k01^3*k34*k23*k12+k34^3*k21^2*k23-k34*k21^2*k23*k32^2-k01^2*k34^2*k23^2*k32-k01^3*k34^2*k23-k01*k34^2*k43*k23*k32+k34^3*k23^2*k32*k12+4*k01^2*k34*k21*k43*k12-2*k01^2*k34^2*k21*k32*k12-k34^2*k21^2*k23^2*k32+k01*k34^2*k23*k32^2-2*k34^3*k43*k32*k12^2-k01^3*k34^2*k32*k12-2*k34^3*k21*k23*k12+k34^2*k21*k23*k12^2-2*k21^2*k43*k32*k12^2+k34^3*k23^2*k32^2-2*k01^2*k34^2*k32*k12^2+2*k01*k34^2*k43*k12^2+2*k01*k34*k21^2*k32*k12^2+4*k34^2*k21^2*k23*k32*k12-2*k34^4*k43*k23*k32-k34*k21^2*k43*k23*k32+3*k01^2*k34*k21*k23*k32+9*k01*k34^2*k21*k43*k32*k12+2*k34*k21^2*k43*k12^2-3*k01^2*k34*k21*k12^2-k01*k34^2*k32^2*k12)*k12
4,1,"1",2,4,True,False,7/7,1
4,1,"1",3,3,True,False,7/7,k12*(k32^2*k21*k23^2*k43+2*k32^2*k34^2*k43^2+4*k32*k21*k01*k34*k23*k43-2*k12*k34^3*k23*k43-2*k12*k21*k34^2*k43^2+2*k32*k21^2*k34*k23*k43-k32*k01*k34*k23^3-3*k32^2*k01*k34*k23*k43-2*k12^2*k01*k34*k43^2+2*k12*k01^2*k34*k23*k43+4*k32*k12*k34^2*k43^2+2*k12^2*k34^2*k23*k43+2*k32*k12*k01*k23^2*k43+2*k01*k34^3*k23*k43-2*k32*k12*k21*k34*k23*k43+k32*k12*k34^2*k23^2-2*k12*k01*k34^2*k43^2-3*k32*k21*k34*k23^2*k43+k32^2*k01*k23^2*k43+2*k12*k01^2*k34*k43^2-2*k32*k01*k34*k23*k43^2-2*k01^2*k34^2*k23*k43-2*k12*k34^3*k43^2+4*k32*k21*k01*k34*k43^2+2*k12*k21*k01*k34*k23*k43+k32^2*k34^2*k23^2+k32*k21*k34^2*k23*k43-k32*k21*k34*k23^3+2*k32*k01^2*k34*k23*k43-k32*k12*k34*k23^3-3*k32^2*k21*k34*k23*k43+5*k32*k12*k34^2*k23*k43-4*k32*k12*k01*k34*k43^2+2*k21*k34^3*k43^2-2*k32*k01*k34^2*k43^2+k32*k34^2*k23^3-4*k21*k01*k34^2*k23*k43-2*k32*k34^3*k43^2+k32^2*k21*k23*k43^2-k32^2*k01*k34*k23^2-2*k12^2*k01*k34*k23*k43+2*k32*k34^2*k23^2*k43+k32*k12*k01*k23*k43^2-k32*k12*k34*k23^2*k43+k32*k21*k34^2*k23^2-2*k32^2*k21*k34*k43^2+2*k32*k01^2*k34*k43^2-2*k32*k21*k34*k23*k43^2-2*k21^2*k34^2*k23*k43-2*k32*k21*k34^2*k43^2+2*k12*k21*k01*k34*k43^2+k32^2*k01*k23*k43^2-k32^2*k21*k34*k23^2+k32*k12*k01*k23^3-3*k32*k34^3*k23*k43+k32*k01*k34^2*k23*k43-2*k32*k12*k21*k34*k43^2+2*k01*k34^3*k43^2+3*k32^2*k34^2*k23*k43+k32*k01*k34^2*k23^2+2*k12^2*k34^2*k43^2+2*k21*k34^3*k23*k43-k32*k34^3*k23^2-2*k32^2*k01*k34*k43^2-5*k32*k12*k01*k34*k23*k43+2*k32*k21^2*k34*k43^2-k32*k12*k01*k34*k23^2-3*k32*k01*k34*k23^2*k43)*k34*k23
4,1,"1",3,4,True,False,7/7,-k12*k43*k23*(3*k21^2*k34*k43*k23+2*k01*k34^2*k43^2*k23-k01*k34^2*k23*k32-2*k01*k34^3*k43^2-k01*k12*k34^2*k23-2*k34^2*k43^2*k32+k12*k21*k34^2*k43+2*k01*k21*k34*k32^2-k01*k12^2*k21*k23+k21*k34^2*k43*k32^2-k21*k34*k23*k32^2+k01*k34*k43^2*k23*k32-k21^3*k34*k23+k01*k34^3*k23+k01*k12^2*k43*k23+k01^2*k34*k23^2-k01*k34^2*k32^2+2*k12*k21^2*k43^2+k01*k12*k34^2*k43^2+2*k12^2*k21*k43^3-k01*k12*k21*k23*k32+4*k12*k34^2*k43*k32-k01*k12*k21*k43^2*k23+2*k12*k34*k43^2*k23-2*k01*k21*k34*k43^2*k32+k12^2*k21*k34*k23+k12^2*k34*k43*k23^2-3*k01*k21^2*k34^2*k43-2*k01*k12^2*k21*k43^2-2*k12*k34^3*k43+k01^2*k12*k43*k23*k32+k34^2*k43*k23*k32+k01^2*k12*k34*k43-2*k01^2*k12*k21*k34+k01*k34*k43*k23^2*k32+2*k12*k21*k43^3*k32-k21^3*k34*k32+k21*k34*k43^2*k32^2+k01*k12*k21^2*k23+k21*k34^2*k43*k23^2+2*k01*k21*k34*k23^2-k12^2*k21*k34^2-4*k01*k21*k34*k43*k23*k32+k01*k12*k43*k23*k32+k21^2*k34*k43*k32-k01^3*k12*k43*k23+k01*k34^2*k43^2*k32-k01*k34*k23^2*k32+k21^3*k34^2-2*k12^2*k21*k43*k23-2*k01*k12*k34^2*k32-k01^2*k34^3-k01*k12^2*k21*k34*k43+4*k01*k12*k21^2*k43^2-2*k12*k34^2*k43^2+k01^2*k12*k43*k23^2-3*k21^2*k34^2*k43-2*k12^2*k21*k43^2+k01^2*k34*k32^2+k01*k12^2*k34*k43^2-k01*k34^2*k23^2-k01*k12^2*k34^2-k01*k12*k34^3*k43-2*k12*k21^3*k43+k01*k34^3*k32+2*k12*k21*k43^2*k23*k32-k01*k12*k21^2*k43*k23-2*k01*k12*k21*k43^2*k32+k21*k34^2*k43*k23*k32-2*k12*k21^2*k43^3-2*k01^2*k12*k21*k43-2*k01*k21*k34*k43^2*k23+4*k01*k21*k34*k23*k32-4*k01*k12*k21^2*k43+3*k01*k21^2*k34*k43*k23-k12*k21*k34*k43*k32-2*k12*k21*k34^2*k32+k21*k34*k43*k23^2*k32+k01*k12^2*k23^2+k01^3*k34^2-k01^2*k12*k43*k23+k21^3*k34*k43*k32+2*k12*k21^3*k43^2+3*k01^2*k21*k34^2+k21^2*k34^2*k43^2-k01*k12^2*k34*k43+2*k01^2*k12*k21*k43^2-3*k01^2*k21*k34^2*k43-k12*k34^2*k43*k23^2+2*k34*k43^2*k23*k32-k01*k34^3*k43*k23+k34^2*k23*k32^2+2*k01^2*k12*k34*k32+2*k01^2*k34*k23*k32-k01^2*k34*k43^2*k23+2*k12*k21^2*k43*k32-k01*k12*k34*k23*k32+2*k01*k12*k34^2*k43*k32-k01*k12*k34*k43^2*k23+k12*k34^2*k23^2-k01^3*k34^2*k43-k12*k21*k34^3*k43-2*k01*k34*k43*k23^2-k12^2*k21*k34*k43*k23-k21^2*k34*k43*k32^2+2*k01^2*k12*k21*k23+k01*k34^2*k43*k23*k32-2*k34^3*k43*k32-k21^2*k34^3-k01*k12*k21^2*k34+2*k01*k34^2*k43^2+k01*k12*k34^2*k43+3*k01*k21^2*k34^2-k01*k12^2*k43*k23^2+k21^2*k34^3*k43+k34*k43*k23^2*k32+k01*k12*k21^2*k34*k43+2*k12*k34^3*k43^2-k34^2*k43*k23*k32^2-k01^2*k12*k23^2-k12*k21*k34*k43*k23+k12*k21^2*k34*k32+3*k01*k21^2*k34*k43*k32-k12*k21*k34^2*k23+2*k01*k12^2*k21*k43+k21*k34*k43^2*k23*k32-2*k12^2*k34*k43*k23+k01*k12^2*k21*k43*k23-k01^2*k12*k34*k43^2+k21^3*k34*k43*k23-2*k12*k34*k43*k23*k32+k01*k12*k21*k43*k23*k32+k01^3*k12*k34*k43-k01*k34*k43*k32^2-k21^2*k34*k43*k23^2+k01*k12^2*k21*k34+k34^3*k43*k23*k32+2*k01*k34^3*k43-2*k34^2*k43^2*k32^2+k01^2*k12*k34*k23-k01*k34^3*k43*k32-k12*k34^3*k23+k01*k12*k34^2*k43*k23+2*k12*k21^2*k43*k23+2*k01*k12*k34*k43^2*k32-2*k12*k21*k43^2*k32-k01^2*k34*k43^2*k32+k12*k21*k34^2*k43^2-2*k21*k34*k43^2*k23+k21*k34^2*k43*k32-k12^2*k34*k23^2-k01^2*k12*k34*k43*k23-2*k01*k21*k34*k43*k32^2+2*k12*k34*k43*k23^2+k01*k12*k21*k43*k23^2+k01^2*k12^2*k34+2*k21*k34^2*k43^2+k12*k34^3*k43*k23+k01^2*k12^2*k43*k23+2*k12*k21*k34^2*k43*k32-k12*k21*k34*k43^2*k23+2*k12^2*k34^2*k43+2*k12^2*k34*k43^2*k23+2*k01*k21*k34^3*k43-k21^3*k34^2*k43+k01^2*k34^2*k43^2+k01*k34*k43^2*k32^2+k01*k34^2*k43*k23^2+k12^2*k21*k34^2*k43-2*k21^2*k34*k43*k23*k32-k34^3*k23*k32+k12*k34*k43*k23^2*k32-2*k01*k12*k34*k43*k32-2*k12*k21^2*k43^2*k23+k01^2*k34*k43*k32+2*k01^2*k12*k21*k34*k43-3*k01*k21^2*k34*k23-k21*k34*k23^2*k32+k21*k34^2*k43^2*k32+2*k34^2*k43*k32^2-k01^2*k12*k23*k32+k01^2*k12*k43^2*k23+k12*k21*k34^2*k43*k23+k12*k21*k34*k43^2*k32+2*k01*k21*k34^2*k43^2-k12^2*k34^2*k43*k23-3*k21*k34*k43*k23*k32+k01*k12*k21*k34*k43-2*k01^2*k12*k34*k43*k32-2*k01*k21*k34*k43*k23^2-2*k01*k21*k34^3+k01^3*k12*k23+k01*k12^2*k34^2*k43+2*k12^2*k21^2*k43+2*k21*k34^3*k43+k01*k34*k43*k23*k32^2+3*k01^2*k34*k43*k23-k01*k12*k34*k43*k23-2*k12*k21^2*k43^2*k32+2*k21*k34^2*k43^2*k23-k01*k12*k21*k23^2-k21*k34^2*k23*k32-3*k01*k21^2*k34*k32+k01^2*k34^3*k43+2*k12*k34*k43^2*k23*k32+2*k34^3*k43^2*k32-k01*k34*k23*k32^2+k01*k34^2*k43*k32^2-2*k01^2*k12*k21*k43*k23-k21*k34*k43*k32^2-3*k01*k12*k21*k34*k43*k32-k01^2*k34*k43*k23^2+3*k01^2*k21*k34*k43*k32-3*k01*k34*k43*k23*k32+k34^2*k23^2*k32+k12*k21*k34^3+k21*k34^3*k23-k21*k34^3*k43*k32-k21*k34^2*k32^2+k21^2*k34*k23^2+k01*k12*k21*k34*k23-k21^2*k34*k43^2*k32-3*k01^2*k21*k34*k23-2*k01*k34*k43^2*k23+k01*k34^2*k43*k32+2*k12^2*k21*k43^2*k23-k01*k12*k43*k23^2*k32-k01^2*k12^2*k34*k43+k21*k34*k43*k23*k32^2+2*k01*k12*k21*k43^2-k01^3*k12*k34-6*k01*k21*k34^2*k43-k01^3*k34*k23-2*k34^2*k43^2*k23*k32+2*k12*k34^2*k23*k32+2*k01*k12*k21*k43*k32-2*k12*k34^2*k43^2*k23-k01*k12*k21*k34*k43^2-k12*k21^2*k34*k43*k32+6*k01*k21*k34*k43*k23-2*k21*k34^3*k43^2+k01*k12*k23^2*k32+k01^3*k34*k43*k23-2*k12^2*k21^2*k43^2-3*k01^2*k34^2*k43-k21*k34^2*k23^2+k21^2*k34*k32^2+k21*k34^3*k32-k21*k34^3*k43*k23-k01*k12*k43^2*k23*k32-3*k01^2*k21*k34*k32+3*k01*k12*k21*k34*k32+2*k21^2*k34*k23*k32-k21^2*k34*k43^2*k23-2*k12*k34^2*k43*k23*k32-k01*k12*k21*k34*k43*k23+k12^2*k34^2*k23-2*k21*k34*k43*k23^2+3*k01^2*k21*k34*k43*k23-k01^2*k34*k43*k32^2-2*k01^2*k34*k43*k23*k32+k01*k12*k34*k43*k23*k32-2*k12*k21*k43*k23*k32+k01*k12*k34^3+k01*k12*k21*k43*k23-k12*k34*k23^2*k32-4*k12*k34^2*k43^2*k32+2*k01*k21*k34*k43*k32-k01*k12^2*k43^2*k23+k01^3*k34*k43*k32-2*k01*k12*k21*k43^3-k01^3*k34*k32-k01^2*k12^2*k23-k34^2*k43*k23^2*k32-2*k12^2*k34^2*k43^2)
4,1,"1",4,4,True,False,7/7,k34^5*k43^2*k23*k12*(2*k21*k43-k23*k32+2*k21*k12+2*k12*k01-2*k43*k12-2*k01^2-4*k21*k01+2*k21*k23+2*k43*k01+2*k23*k01-2*k21^2+2*k21*k32-2*k43*k32+2*k32*k01-2*k23*k12)
4,1,"2",1,1,True,False,7/7,-k23*k12^2*k21^3*k34*(2*k32*k34+2*k02*k34-2*k23*k02-2*k23*k12+2*k12*k34+2*k34*k43-2*k12*k43-2*k02*k43-k23*k32-2*k32*k43-2*k34^2+2*k23*k34)
4,1,"2",1,2,True,False,7/7,(2*k34*k21*k43*k23+2*k02*k34^2*k21*k43+k02*k34*k21^3-2*k32*k34^2*k43-k32*k21*k43*k23-k34*k21^2*k23^2-k02*k34^2*k23-k12*k34^2*k21^2-2*k12*k34*k21*k43^2+4*k12*k21^2*k43*k23-k32*k34*k21^2+k34*k21^3*k43+2*k34^2*k21*k43^2+k02*k34^2*k21*k23-3*k32*k34*k21*k43*k23-k02*k34*k21^2-k32*k34^2*k23-k12*k34*k21*k23^2-k34*k21^2*k43^2+k32*k34*k21^3-2*k02*k34^2*k43+k34*k21^3*k23+k34^2*k21*k23^2-k12*k34*k21*k23-3*k34^2*k43*k23-k34*k21^2*k43-k02*k21*k23^2+3*k12*k34*k43*k23+k12*k34*k23^2-k34^2*k23^2-k32*k21*k43^2-2*k12*k21^3*k23+2*k12*k21^2*k43^2+2*k34^3*k43+k32*k34^2*k21*k23-k34*k21^2*k23-k12*k34*k21*k43+k12*k34^2*k21-k02*k21*k43^2-2*k12*k21^3*k43-2*k34^2*k43^2+2*k12*k34*k43^2-2*k02*k21*k43*k23+k34^3*k23+2*k12*k21^2*k23^2+2*k32*k34^2*k21*k43-k12*k34*k21^2*k43-k02*k21^3*k23+k02*k34*k23^2-3*k12*k34*k21*k43*k23+k12*k34^2*k21*k23+k32*k34^2*k21+k02*k21^2*k43^2+k32*k21^2*k23^2+k32*k34*k21*k23+k32*k34*k43*k23+3*k34^2*k21*k43*k23-k32*k21^3*k43-k02*k34*k21*k23^2+2*k32*k34*k43^2+2*k02*k34*k43^2-k02*k21^3*k43-k12*k34*k21^2*k23+2*k12*k34^2*k21*k43+k02*k21^2*k23^2+k34^3*k21^2+k02*k34^2*k21+k32*k21^2*k43^2-2*k02*k34*k21*k43^2+2*k02*k21^2*k43*k23-k32*k21^3*k23+2*k32*k21^2*k43*k23+k32*k21^2*k43-2*k32*k34*k21*k43^2-k02*k34^2*k21^2-k12*k34^2*k23-2*k34*k21^2*k43*k23-3*k02*k34*k21*k43*k23+k34*k21*k43^2+k02*k21^2*k23-k34^2*k21^3-2*k34^3*k21*k43+2*k12*k34*k21^3-k34^3*k21-2*k12*k34^2*k43+3*k02*k34*k43*k23-k32*k34*k21*k23^2+k34*k21*k23^2+k34^2*k21^2+k02*k21^2*k43-k32*k34^2*k21^2-k34^3*k21*k23)*k34*k21^2*k23
4,1,"2",1,3,False,False,6/7,0
4,1,"2",1,4,False,False,5/7,0
4,1,"2",2,2,True,False,7/7,-(5*k32*k12*k21*k34*k23^2+k32*k34^2*k23^3+2*k32*k12*k21^3*k43-2*k02*k12*k21^2*k43^2-2*k12^2*k21^3*k34+3*k32*k02*k21*k34*k23^2-k32*k02*k34^2*k23^2+2*k02*k12^2*k21^2*k23-k32*k12*k34^2*k23^2+2*k02*k12*k21^3*k43-4*k02*k12*k21^2*k43*k23+2*k12^2*k21^2*k34^2-2*k32*k12*k21^2*k43^2+k32^2*k21*k43*k23^2+2*k12^3*k21^2*k23+k32*k12^2*k21^2*k23+2*k32*k21^2*k34*k43*k23-2*k32*k21*k34*k43^2*k23-k32*k21*k34*k23^3+2*k02*k12*k21*k34*k23^2+2*k32*k12*k21^2*k34^2+k32*k02*k21*k23^3-2*k12^2*k21^2*k43^2-2*k02*k12*k21^3*k34-2*k32^2*k21^2*k34*k23+2*k32*k02*k21*k34*k43*k23-2*k12^2*k21*k34^2*k23+2*k32*k34^2*k43*k23^2+k32^2*k21^3*k23+k32*k02*k21*k43^2*k23+2*k12^2*k21^3*k43+2*k02*k12*k21^2*k34^2+k32^2*k21*k34^2*k23-5*k32*k12*k21^2*k43*k23-2*k32*k21*k34^2*k43*k23-2*k32*k12*k21^3*k34+6*k32*k12*k21*k34*k43*k23-k32^2*k21^2*k23^2-2*k32*k02*k21^2*k43*k23+2*k02*k12*k21^3*k23-2*k32*k02*k21^2*k23^2+k32*k02*k21*k34^2*k23-3*k32*k12*k21^2*k23^2-k32*k21*k34^2*k23^2+2*k12^3*k21^2*k43+2*k32^2*k21*k34*k43*k23-2*k32^2*k21^2*k43*k23+2*k32*k12^2*k21^2*k43+3*k32*k12*k21^3*k23+k32*k21^2*k34*k23^2-4*k12^2*k21^2*k43*k23-2*k02*k12*k21^2*k23^2+k32*k02*k21^3*k23-2*k32*k02*k21^2*k34*k23+2*k02*k12^2*k21^2*k43+k32^2*k21*k43^2*k23-3*k32*k12*k21^2*k34*k23+2*k12^2*k21^3*k23+2*k12^2*k21*k34*k23^2+2*k32*k02*k21*k43*k23^2-3*k32*k21*k34*k43*k23^2-k32*k12*k34*k23^3-2*k02*k12*k21*k34^2*k23-k32*k02*k34*k23^3-2*k02*k12^2*k21^2*k34-2*k12^3*k21^2*k34-2*k12^2*k21^2*k23^2-k32*k02*k34*k43*k23^2+k32^2*k21*k34*k23^2+2*k12^2*k21*k34*k43*k23-2*k32*k12^2*k21^2*k34+2*k02*k12*k21*k34*k43*k23-k32*k12*k34*k43*k23^2)*k21*k34*k23
4,1,"2",2,3,True,False,7/7,(k02^2*k34*k21*k23^2-2*k34*k21^2*k43*k32*k12-2*k02^2*k34^2*k21*k32+7*k02*k34^2*k21*k43*k32*k12+3*k02*k34^2*k21^2*k23*k32-3*k34^2*k21*k23^2*k32*k12-k34^3*k21*k23*k32^2-3*k02*k34^2*k21^2*k32*k12-5*k02*k34^2*k21*k43*k23*k32-k34*k21^2*k43*k23*k32-k02^3*k34*k21*k43-2*k34*k21^3*k23*k32*k12+k02*k34^3*k23^2*k32-2*k02*k34^2*k21^2*k32^2-2*k34^3*k21*k23*k12+k34^2*k21*k23*k12^2+k34^2*k23*k12^3-3*k34^3*k21*k23*k32*k12+k34^3*k23^2*k32^2-k02*k34*k21*k43*k32^2-2*k02*k34*k21^2*k43*k23-2*k34*k21^2*k23*k32*k12^2+k02^2*k34*k21*k43^2+k02*k34^4*k23*k32+k02^2*k34^3*k21-3*k02*k34^2*k21*k43^2*k32-2*k34^2*k21^2*k12^2+k34^3*k21^2*k23+k34^3*k23^2*k12+k34^4*k23*k32*k12-k34^3*k23*k32^2*k12-k02^3*k34*k21*k23-2*k02^2*k34*k21*k23*k12-k02*k34*k21^3*k43*k32+2*k34^2*k21*k43*k12^2-k02*k34^2*k21^3*k32-2*k02*k34^2*k21*k23^2*k32+2*k34^2*k21*k23*k32^2*k12+2*k02*k34*k21^3*k32*k12+2*k02^2*k34*k21^2*k32+2*k02*k34^4*k43*k32-2*k02^2*k34*k21*k43*k12-2*k02*k34^3*k23*k32*k12-k02*k34*k21^3*k23*k32+k02*k34^3*k21*k32+3*k02*k34^2*k21^2*k43*k32-k34^2*k21^2*k23^2*k32+6*k34^2*k21^2*k43*k32*k12-2*k02*k34*k21*k43*k32*k12+k34^3*k23^2*k32*k12+2*k02*k34*k21*k43*k23*k32-k34^2*k21^2*k43*k23*k32+2*k34*k21^2*k32*k12^2-k34*k21^2*k23*k32^2+2*k02*k34^3*k43^2*k32+2*k02*k34^2*k23*k32*k12-2*k02^2*k34^3*k43*k32+2*k34*k21^2*k23*k12^2-k02^2*k34^2*k43*k23-4*k02*k34^3*k43*k32*k12-2*k21^2*k43*k32*k12^2+2*k34^3*k21*k12^2+4*k34^2*k21*k43*k32^2*k12+k02*k34*k21^3*k43+3*k02*k34^3*k43*k23*k32+k02*k34*k21^2*k43^2*k32+2*k02*k34*k21*k43*k23*k12-k02^2*k34^2*k23^2+2*k34^3*k43^2*k32*k12+3*k02^2*k34*k21^2*k12+3*k02*k34^2*k23*k12^2+2*k34*k21*k43^2*k32*k12+3*k02*k34^3*k21*k12+4*k34^2*k21^2*k23*k32*k12-2*k02^2*k34*k21*k43*k32+k02*k34*k21^3*k23-2*k02*k34*k21*k23*k32*k12-2*k02*k34^2*k43*k23*k12-k34^2*k23^2*k32*k12+k34^2*k21^2*k43*k23+k02*k34^3*k21*k32^2-k02*k34*k21*k23*k12^2+k34^2*k21^3*k23*k32+k02^3*k34*k21^2-2*k34*k21^2*k23*k32*k12+5*k02*k34^2*k21*k23*k32*k12-k02^2*k34*k21*k23*k32-k02*k34*k21^2*k43^2-4*k34^2*k21*k43^2*k32*k12+k34^2*k21*k23*k32^2-k02*k34*k21*k43*k12^2-2*k34*k21^3*k43*k32*k12-2*k34^2*k21*k32*k12^2+k02^2*k34*k21^3*k32-6*k34^3*k21*k43*k32*k12-2*k34*k21^2*k43*k32*k12^2-k02^2*k34^3*k23*k32+k34*k21^2*k43*k23*k32^2+2*k34*k21^2*k43*k12^2-k34^3*k21*k23*k32+3*k34^3*k21*k43*k23*k32-k02^2*k34^3*k23-2*k34^3*k43*k32^2*k12-4*k02^2*k34^2*k21*k12+2*k34^4*k43*k32*k12-4*k34*k21^2*k43*k23*k12-2*k34^4*k43*k23*k32+k02*k34*k21^2*k23^2*k32-k02*k34*k21^2*k23^2-k34*k21^2*k23*k32^2*k12+2*k34*k21^3*k23*k12+k02*k34*k21*k43^2*k32+2*k34^2*k21*k23^2*k12+4*k02*k34^2*k21*k43*k12-k34^3*k23*k12^2+k02*k21^2*k23*k32*k12-k34^3*k21*k23^2-k34^3*k23*k32*k12^2-k34*k21^3*k23*k32^2-2*k34^2*k21*k23^2*k32^2-k34*k21*k23*k32*k12^2+3*k02*k34^2*k21*k43*k32^2+2*k34^3*k21*k23^2*k32-5*k02*k34^2*k21*k12^2+k34^4*k21*k23*k32-2*k02*k34^3*k23*k12-4*k02*k34^3*k21*k43*k32-2*k02*k34*k21^3*k12-k34^4*k23^2*k32+k02^3*k34^2*k23-k02*k34^3*k23*k32^2+k02*k34*k21^3*k32^2-k02*k34*k21^2*k23*k32-k02^2*k34*k21^2*k43*k32+3*k02*k34*k21^2*k32*k12-2*k34^2*k21^2*k43*k12-7*k34^2*k21*k43*k23*k32*k12-3*k02*k34^3*k21*k23*k32+2*k34^2*k21^2*k23*k32^2+k02*k34^3*k21*k32*k12-k02*k34^3*k21^2+2*k02^2*k34^2*k21*k43+2*k34*k21^2*k23^2*k32*k12-k34*k21^2*k23^2*k32-k02^2*k34*k21^2*k23*k32-3*k02*k34*k21^2*k43*k32*k12+2*k34^2*k21*k43*k32*k12-2*k02*k34^3*k43*k32^2-k34^2*k21*k43*k23*k32-k34^2*k21^2*k23*k12+2*k02*k34*k21^2*k43*k23*k32+2*k34*k21^3*k43*k12+k02*k34*k21*k23^2*k32+2*k02*k34^2*k21*k23*k12+k02^2*k34^3*k21*k32-k02*k34^2*k23^2*k32-2*k34^3*k21^2*k23*k32+2*k02*k34*k21^2*k12^2+3*k34^2*k21*k23*k32*k12^2+2*k02*k34^2*k21*k23*k32^2+3*k02^2*k34^2*k23*k12+k02^2*k34^2*k21*k23-k02*k34^2*k21^2*k23+k02*k34*k21^2*k32^2-2*k02*k34^2*k23^2*k12+k34*k21*k43*k23*k32*k12+k02^2*k34^2*k23*k32+k02*k34^3*k23^2+2*k02*k34^3*k21^2*k32-4*k02*k34^2*k21*k32*k12+k02*k34*k21*k23^2*k12+2*k34*k21^2*k43^2*k32*k12+3*k02^2*k34^2*k21*k43*k32-3*k02*k34*k21^2*k23*k32*k12+k02*k34^2*k21*k23*k32+3*k34^2*k21*k23*k32*k12+3*k34^3*k43*k23*k32*k12+k02*k34^2*k21^3-2*k34*k21^2*k23^2*k12-2*k34^2*k21*k12^3+2*k34^2*k21*k43*k23*k12-k34^2*k23^2*k12^2+4*k34^2*k21*k43*k32*k12^2+k34^2*k21^2*k23^2-2*k02*k34^2*k21^2*k43-k02*k34*k21^2*k43*k32^2+k34*k21^2*k23^2*k32^2-k02*k34^4*k21*k32-3*k34^2*k21*k43*k23*k32^2-2*k34*k21^2*k43^2*k12-2*k34*k21^2*k43*k32^2*k12+k34^2*k23*k32*k12^2-2*k02^2*k34^2*k21^2*k32-k02*k34*k21^2*k23*k32^2+2*k34^3*k43*k23*k32^2+2*k02^2*k34*k21*k43*k23-k02*k34*k21^3*k32-k02*k34^2*k21*k32^2+k34*k21*k43*k23*k32^2-2*k34^3*k43*k32*k12^2-k34^2*k21^3*k23-k02^3*k34^2*k21+4*k34*k21^2*k43*k23*k32*k12+k02*k34*k21*k43^2*k12+k34*k21^3*k23*k32-k02^2*k34*k21^3+2*k02^2*k34^2*k21*k23*k32+2*k02*k34^2*k21*k43*k32+k34^2*k21*k23^2*k32-k34^2*k43*k23*k12^2)*k21*k32
4,1,"2",2,4,True,False,7/7,1
4,1,"2",3,3,True,False,7/7,-k23*(k43*k23^2*k32*k12*k34+k23^2*k32*k34^3+4*k43^2*k32*k02*k34*k21-4*k43*k23*k12*k02*k34^2-2*k43*k23*k32*k34*k21^2+2*k43^2*k12*k02*k34*k21-k43*k23^2*k32^2*k21-k23^3*k32*k02*k21-2*k43^2*k12^2*k34^2-k43^2*k23*k32*k02*k21-4*k43^2*k12*k02*k34^2-2*k43^2*k32*k34*k21^2-2*k43*k23*k12^2*k34^2+2*k43^2*k12*k34^2*k21-2*k43*k23*k02*k34*k21^2+5*k43*k23*k32*k02*k34*k21-2*k43^2*k02^2*k34^2+k23^3*k32*k34*k21+2*k43^2*k23*k32*k34*k21-2*k43*k23^2*k32*k34^2-2*k43*k23*k02^2*k34^2-2*k43^2*k32^2*k34^2-2*k43^2*k02*k34*k21^2+k43*k23^2*k32*k02*k34-3*k43*k23*k32^2*k34^2-k43^2*k23*k32^2*k21+2*k43*k23*k12*k02*k34*k21-2*k43*k23^2*k32*k02*k21-5*k43*k23*k32*k02*k34^2+2*k43^2*k02*k34^3+2*k43*k23*k32*k12*k34*k21-k23^3*k32*k34^2+2*k43^2*k32^2*k34*k21-k43*k23*k32*k34^2*k21+2*k43*k23*k02*k34^3+3*k43*k23*k32^2*k34*k21+2*k43^2*k32*k34^2*k21-4*k43^2*k32*k02*k34^2+k23^3*k32*k12*k34+2*k43^2*k32*k34^3-k23^2*k32*k12*k34^2+3*k43*k23*k32*k34^3+2*k43*k23*k34^2*k21^2-4*k43^2*k32*k12*k34^2+k23^3*k32*k02*k34-k23^2*k32*k02*k34^2+2*k43^2*k32*k12*k34*k21+2*k43^2*k02^2*k34*k21-k23^2*k32^2*k34^2-k23^2*k32*k34^2*k21+k23^2*k32*k02*k34*k21-5*k43*k23*k32*k12*k34^2+2*k43^2*k12*k34^3-2*k43*k23*k34^3*k21+3*k43*k23^2*k32*k34*k21+2*k43*k23*k12*k34^3+k23^2*k32^2*k34*k21-2*k43^2*k34^3*k21+2*k43^2*k02*k34^2*k21+2*k43*k23*k02^2*k34*k21)*k34*k21
4,1,"2",3,4,True,False,7/7,(k21*k34*k23*k32^2+k12*k21^2*k34*k43*k32-k21*k34*k43^2*k23*k32-2*k02*k12*k34*k43*k23^2-k21*k34^2*k43*k32^2+k12*k34^2*k43*k23^2+3*k21^2*k34^2*k43+2*k12*k34^3*k43-k02*k21^2*k34*k43-k02*k21*k43*k23*k32+k02*k21^3*k43*k23+2*k12*k21^2*k43^2*k32-k02*k12*k21*k34*k43^2+k02^2*k21*k43^2*k23-k02*k12*k21^2*k43*k23+k02*k12*k21^2*k23-k02^2*k21*k23^2+k12*k21*k34^3*k43+2*k12*k34^2*k43*k23*k32-k02*k21^3*k23-3*k21^2*k34*k43*k23-k34^2*k43*k23*k32+k02*k12*k21*k34*k43*k23+k21^2*k34^3-2*k12*k21*k43^2*k23*k32-k02^2*k21*k34*k43^2+2*k12^2*k34*k43*k23+2*k12*k21^2*k43^2*k23-k21^2*k34*k43*k32-k12*k21*k34^2*k43^2+2*k34^2*k43^2*k32-k02*k12*k21*k43^2*k23-k02^2*k21^2*k43*k23-4*k02*k34^2*k43*k32-2*k02*k34*k43^2*k23+k02*k21^2*k23^2-k21*k34*k43^2*k32^2-k21*k34^2*k43*k23^2-k02*k21*k34^3-k02^2*k34*k43*k23^2-k21*k34*k43*k23^2*k32-k02*k21*k34^2*k43+2*k12*k34^2*k43^2-2*k02^2*k34^2*k43-2*k12*k21^3*k43^2-k12^2*k34*k43*k23^2+k02^2*k21*k34*k43-2*k02*k12*k34^2*k23+k02^2*k34*k23^2-k21*k34^2*k43*k23*k32+k21*k34^2*k23^2-k21^2*k34*k32^2+k21^2*k34*k43*k32^2-k12*k21*k34^2*k43+k02*k34^3*k23+2*k34^2*k43^2*k32^2-k21*k34^3*k32+2*k02^2*k34*k43*k23+2*k12*k21^2*k43^3-k02*k21^2*k43^2*k23-2*k12*k34*k43^2*k23*k32-2*k02*k12*k21*k43^3+2*k02^2*k34^2*k43^2+2*k12*k21^3*k43-2*k12*k34*k43^2*k23-4*k12*k34^2*k43*k32+2*k02*k12*k21*k34^2-k02^2*k21^2*k34+2*k12^2*k21*k43^2-k21^2*k34^3*k43+k02*k21*k34*k43*k23-k02*k21*k34*k43*k23*k32-k34^3*k43*k23*k32-k02*k21*k34^2*k43^2+k34^2*k43*k23*k32^2-k21^3*k34*k43*k32+k02*k21^2*k23*k32-k21^3*k34^2+k12*k21*k34*k43^2*k23-2*k12*k21*k34^2*k43*k32-k34*k43*k23^2*k32+2*k21*k34*k43^2*k23-k21*k34^2*k43*k32-k12*k34*k43*k23^2*k32+4*k02*k12*k34*k43*k23-2*k12^2*k21*k43^3-2*k12*k21^2*k43^2+k02*k21^2*k34*k43^2+2*k34^3*k43*k32+2*k02*k21*k34*k43*k32+k12^2*k21*k34^2+2*k02*k12*k21*k43^2-2*k12*k34^3*k43^2-2*k12^2*k21*k43^2*k23+k02*k21*k34^3*k43-k21^2*k34^2*k43^2+k02*k12*k21*k34*k43-k12^2*k34^2*k23+k21^2*k34*k43*k23^2-k21*k34^3*k23+k02*k34^2*k43*k23^2-k02*k34^2*k23^2+k21*k34^2*k32^2-k21^2*k34*k23^2-k21^3*k34*k43*k23+2*k02*k34*k43*k23*k32-k02*k21*k23^2*k32-k12*k21*k34*k43^2*k32-k12*k21*k34^2*k43*k23-2*k34*k43^2*k23*k32-k34^2*k23*k32^2+2*k02*k12*k21^2*k43^2+2*k02*k34^2*k43^2+2*k12^2*k21*k43*k23+k21^3*k34*k32+2*k12*k34^2*k43^2*k23-2*k12^2*k34^2*k43+2*k12*k21*k34^2*k32-2*k21*k34^3*k43-2*k02*k21*k34*k43^2*k32-2*k34^3*k43^2*k32-k02*k21*k34^2*k43*k23-4*k02*k12*k34*k43^2*k23+k02^2*k34^2*k43*k23-k12*k21*k34^3-k21*k34^2*k43^2*k32-k02*k12*k21*k34*k23+2*k12*k34*k43*k23*k32+k02^2*k21^2*k23-k02*k12*k21*k23^2+k12^2*k21*k34*k43*k23+k02^2*k21*k43*k23^2-2*k12*k21*k43^3*k32-k02*k21^2*k43*k23*k32-2*k02*k12*k21*k34^2*k43+k02^2*k21^2*k34*k43+k12*k21*k34*k43*k32-2*k12*k34^2*k23*k32-k02*k34*k43*k23^2*k32+k21*k34*k23^2*k32-2*k34^2*k43*k32^2-k02*k21^3*k34*k43+k21^3*k34^2*k43-2*k02*k34*k43*k23^2+k02*k12*k21*k43*k23^2-k02^2*k21*k34^2*k43+k02*k12*k21^2*k34*k43-k12*k21^2*k34*k32+k12*k21*k34^2*k23+2*k12^2*k21^2*k43^2+2*k02*k34^3*k43+k02*k21*k34*k43^2*k23-2*k02*k21*k34^2*k43*k32+k21^3*k34*k23-4*k02*k12*k34^2*k43-k02*k34^3*k43*k23-2*k21*k34^2*k43^2+4*k12*k34^2*k43^2*k32-2*k21*k34^2*k43^2*k23-2*k02^2*k34*k43^2*k23+2*k02*k12*k34^2*k43*k23-k21*k34*k43*k23*k32^2+k02*k21^2*k43*k23+k34^3*k23*k32+k02*k21*k34*k23*k32+k12*k21*k34*k43*k23+k12*k34*k23^2*k32+k21*k34^2*k23*k32-2*k02*k34*k43^2*k23*k32+k02*k34*k23^2*k32+k34^2*k43*k23^2*k32+k02*k12*k21*k43*k23+4*k02*k34^2*k43^2*k32-k02^2*k34^2*k23+2*k02*k12*k34*k23^2-k12*k34^3*k43*k23+k02*k21*k34^2*k23-2*k02*k21^2*k34*k32+k21^2*k34*k43^2*k32-k12*k34^2*k23^2-2*k12^2*k34*k43^2*k23+2*k12*k21*k43^2*k32-2*k12*k21^2*k43*k23+k21*k34^3*k43*k32+k02*k21^2*k34*k43*k23-k12^2*k21*k34*k23+k02^2*k21*k34^2-k02*k12*k21^2*k34-2*k12*k34*k43*k23^2+4*k02*k12*k34^2*k43^2+k02*k21^3*k34+k02*k21*k43^2*k23*k32-2*k12^2*k21^2*k43-2*k02*k34^3*k43^2-k02*k21^2*k43*k23^2+3*k21*k34*k43*k23*k32+k21*k34*k43*k32^2-k12^2*k21*k34^2*k43+2*k12*k21*k43*k23*k32-k34^2*k23^2*k32-2*k21^2*k34*k23*k32+2*k02*k34^2*k43*k23*k32-2*k02*k34^2*k23*k32+2*k34^2*k43^2*k23*k32+2*k21^2*k34*k43*k23*k32+2*k21*k34^3*k43^2+k02*k21*k43*k23^2*k32+2*k12^2*k34^2*k43^2-2*k02*k12*k21^2*k43+2*k21*k34*k43*k23^2+2*k02*k21*k34^2*k32-k02*k21^2*k34*k23+k12^2*k34*k23^2+k21^2*k34*k43^2*k23-k02^2*k21*k43*k23+k12*k34^3*k23+2*k02*k34^2*k43^2*k23+2*k02*k21^2*k34*k43*k32+k21*k34^3*k43*k23+k12^2*k34^2*k43*k23-2*k12*k21^2*k43*k32)*k21*k43*k23
4,1,"2",4,4,True,False,7/7,k34^5*k21*k43^2*k23*(2*k21*k12+2*k21*k43-2*k43*k12-k23*k32-2*k43*k02+2*k21*k23+2*k21*k02-2*k21^2-2*k23*k02-2*k23*k12-2*k43*k32+2*k21*k32)
4,1,"3",1,1,True,False,7/7,-k32*(2*k32*k34-2*k34^2-2*k23*k12+2*k34*k43-2*k32*k43+2*k03*k34-2*k03*k12-k23*k32-2*k32*k03-2*k12*k43+2*k23*k34+2*k12*k34)*k12^2*k21^3*k34
4,1,"3",1,2,True,False,7/7,-k32*k34*k21^2*(k34^2*k23^2+k12*k34^2*k21^2-3*k34^2*k21*k43*k23+3*k34^2*k43*k23-k32*k03^2*k34+2*k12*k34^2*k43-2*k32*k34^2*k21*k43+3*k12*k03*k34*k21*k43-k32*k34*k43*k23+3*k32*k34*k21*k43*k23+k32*k34^2*k23-2*k12*k03*k34*k23-k03^2*k34*k21-2*k34^3*k43+k03^2*k34^2-k32*k21^2*k43-k34^3*k21^2-2*k03*k34*k21*k43+k32*k03^2*k21-2*k03*k34*k21*k23-k12*k03^2*k34+k12*k03*k34*k21^2+k32*k34^2*k21^2-k34^3*k23-3*k12*k03*k34*k43+2*k32*k34^2*k43+2*k12*k03*k34*k21*k23-k32*k34^2*k21*k23+k12*k34^2*k23+2*k34^2*k43^2-3*k12*k34*k43*k23+3*k03*k34^2*k43-2*k12*k34^2*k21*k43-k34^2*k21^2+k34^3*k21*k23+k32*k21^3*k43-2*k12*k21^2*k43^2-2*k12*k03^2*k21^2-k34*k21*k23^2+k12*k34*k21^2*k23+2*k32*k03*k21*k43-k32*k21^2*k23^2+2*k34*k21^2*k43*k23-k32*k34^2*k21+k12*k03*k34*k21-k32*k03*k34*k23+2*k12*k21^3*k23+k03^2*k34*k21^2+2*k12*k21^3*k43-3*k32*k03*k34*k43+k03*k34^3*k21+k34^2*k21^3+k32*k21*k43*k23+k34^3*k21-k32*k03^2*k21^2+k32*k03*k21*k23+k12*k34*k21^2*k43-k32*k21^2*k43^2-k34*k21*k43^2-k12*k34^2*k21-2*k12*k21^2*k23^2+k32*k21^3*k23-k12*k34^2*k21*k23+2*k34^3*k21*k43+2*k03*k34^2*k23-k34^2*k21*k23^2-k03*k34*k21^3+2*k12*k03*k21^3-k34*k21^3*k23-2*k32*k03*k21^2*k23+k12*k34*k21*k43+k32*k21*k43^2+k32*k34*k21*k23^2-k32*k03*k21^2+3*k12*k34*k21*k43*k23+k32*k03*k34^2+3*k32*k03*k34*k21*k43+k34*k21^2*k43^2+k12*k03^2*k34*k21-2*k12*k34*k43^2-2*k34*k21*k43*k23-k12*k34*k23^2+k32*k03*k21^3-2*k32*k21^2*k43*k23+k34*k21^2*k23^2+k03*k34*k21^2+2*k32*k03*k34*k21*k23-k12*k03*k34^2*k21+2*k32*k34*k21*k43^2+k12*k03*k34^2+k12*k34*k21*k23-2*k32*k03*k21^2*k43-2*k32*k34*k43^2-k34*k21^3*k43-2*k34^2*k21*k43^2+k32*k34*k21^2+k12*k34*k21*k23^2+2*k03*k34*k21^2*k23-4*k12*k03*k21^2*k23-2*k12*k34*k21^3-3*k03*k34^2*k21*k43+k32*k03^2*k34*k21+k34*k21^2*k23-k03*k34^3+k34*k21^2*k43-4*k12*k21^2*k43*k23-2*k03*k34^2*k21*k23-k32*k34*k21^3-k03^2*k34^2*k21+2*k03*k34*k21^2*k43-4*k12*k03*k21^2*k43-k32*k34*k21*k23+2*k12*k34*k21*k43^2-k32*k03*k34^2*k21)
4,1,"3",1,3,False,False,6/7,0
4,1,"3",1,4,False,False,5/7,0
4,1,"3",2,2,True,False,7/7,k32*k21*(2*k32*k12*k21^3*k34-2*k32*k12*k21^3*k43-2*k12^2*k21*k34*k43*k23-2*k03*k12^3*k21^2+k32*k03*k21*k34^2*k23+2*k12^3*k21^2*k34-2*k12^3*k21^2*k43-2*k32*k03^2*k12*k21*k34+2*k32*k12*k21^2*k43^2-2*k32*k34^2*k43*k23^2-k32^2*k21*k34*k23^2-2*k32*k12*k21^2*k34^2-2*k32^2*k21*k34*k43*k23-2*k03*k12^2*k21*k34*k43-2*k12^2*k21*k34*k23^2-k32^2*k21*k43*k23^2-k32*k34^2*k23^3-k32*k03*k21^2*k34*k23-k32*k03^2*k34^2*k23-k32*k12^2*k21^2*k23+k32^2*k03^2*k34*k23+2*k32*k03^2*k12*k21^2+2*k32^2*k03*k21^2*k23-2*k12^2*k21^3*k23+2*k03*k12^2*k21*k34^2+k32*k21*k34^2*k23^2-2*k32*k03*k12^2*k21^2+5*k32*k12*k21^2*k43*k23-k32^2*k03^2*k21*k23+4*k03*k12^2*k21^2*k23+3*k32*k03*k21*k34*k43*k23+k32*k12*k34*k23^3-2*k32*k03*k34^2*k43*k23+3*k32*k21*k34*k43*k23^2+4*k32*k03*k12*k21^2*k43-2*k32*k03*k12*k21*k34*k43+k32^2*k03*k34^2*k23+k32*k03^2*k21*k34*k23+3*k32*k12*k21^2*k34*k23-k32*k21^2*k34*k23^2+2*k12^2*k21^2*k23^2-2*k03*k12^2*k21^3+2*k32*k03*k12*k34*k23^2+3*k32*k12*k21^2*k23^2-2*k32*k21^2*k34*k43*k23-2*k32*k03*k34^2*k23^2+2*k32*k03*k21*k34*k23^2+2*k32^2*k21^2*k43*k23+k32*k21*k34*k23^3-4*k03*k12^2*k21*k34*k23+k32*k03^2*k12*k34*k23+k32^2*k03*k34*k43*k23+2*k32*k12^2*k21^2*k34+4*k12^2*k21^2*k43*k23+2*k32^2*k21^2*k34*k23+2*k03^2*k12^2*k21^2+k32*k03*k12*k34*k43*k23+k32*k12*k34*k43*k23^2-2*k32*k12^2*k21^2*k43-k32^2*k21*k43^2*k23+2*k12^2*k21*k34^2*k23+k32*k12*k34^2*k23^2-3*k32*k12*k21^3*k23-2*k32*k03*k12*k21^3-k32^2*k21*k34^2*k23-2*k03^2*k12^2*k21*k34-2*k12^3*k21^2*k23-3*k32^2*k03*k21*k34*k23+4*k03*k12^2*k21^2*k43+5*k32*k03*k12*k21^2*k23-7*k32*k03*k12*k21*k34*k23-5*k32*k12*k21*k34*k23^2+2*k32*k21*k34^2*k43*k23-2*k12^2*k21^2*k34^2-2*k32^2*k03*k21*k43*k23-k32^2*k03*k21*k23^2-k32^2*k21^3*k23+2*k12^2*k21^2*k43^2+k32*k03*k12*k34^2*k23+k32^2*k21^2*k23^2-2*k12^2*k21^3*k43+2*k32*k03*k12*k21*k34^2+k32^2*k03*k34*k23^2+2*k12^2*k21^3*k34-6*k32*k12*k21*k34*k43*k23+2*k32*k21*k34*k43^2*k23)*k34
4,1,"3",2,3,True,False,7/7,(k21^3*k32-2*k21^2*k32*k12^2-k34^2*k32^2*k12-k34^2*k21*k03+2*k21^2*k23*k32*k12-2*k21^2*k03*k12+k21*k43*k32^2+k21*k43*k32*k12-k34*k23*k12^2+k21^2*k23*k32^2-3*k34*k21*k43*k32*k12+k34*k21^2*k03-k21^2*k32^2+3*k34*k21*k32*k12-k34*k03*k12^2+k21^2*k03*k32^2-2*k21^2*k23*k12-k34^2*k12^2-k34*k21^2*k43*k32+k34^2*k23*k32*k12+k34*k21*k23*k32-k34^2*k21*k32-k21^2*k03*k32+2*k34^2*k43*k32^2+2*k21^2*k03*k32*k12+2*k34*k21*k03*k12-k34^2*k21*k32^2-k34^3*k23*k32-2*k34*k21*k23*k32^2+k34*k21^3*k32-k34*k21^2*k12+k34*k32*k12^2+k34*k21^2*k43+3*k34*k21*k32*k12^2+2*k21^3*k12+k34^3*k32*k12-2*k34*k21*k03*k32^2-k34^3*k03*k32-2*k34^2*k21*k12+k34^2*k03*k32*k12+2*k34*k21^2*k32^2+2*k34*k21*k23*k12-k34*k03*k32^2-k34*k21^3-k21^2*k23*k32+3*k34^2*k21*k43*k32-k21^3*k32^2-2*k21^2*k32*k12+k34*k21*k32^2+2*k21^2*k43*k32*k12-3*k34*k21*k43*k32^2-2*k34^3*k43*k32+k34^2*k23*k32^2+k34^3*k21*k32+2*k34^2*k21*k03*k32+k34^2*k03*k12-k34^2*k21*k23-k21^2*k32^2*k12-k34^2*k32*k12^2+k34^2*k23*k12-k34*k23*k32*k12+2*k34^2*k21*k23*k32-k21^2*k43*k32+k34^2*k21^2+k34^2*k03*k32^2+k34^2*k43*k32*k12-3*k34^2*k21*k32*k12+k34*k21^2*k23-3*k34*k21*k23*k32*k12-2*k21*k12^3-k21*k32*k12^2-2*k21^3*k32*k12+2*k34*k21*k32^2*k12+k21*k03*k32*k12+k34^2*k03*k32+k34*k43*k12^2+k21^2*k43*k32^2-2*k34^2*k21^2*k32+3*k34*k21*k12^2-k34*k21^2*k03*k32+4*k34*k21^2*k32*k12-3*k34*k21*k03*k32*k12-k34*k21^2*k23*k32+k34*k12^3-k34*k21*k43*k32-2*k34*k03*k32*k12-2*k21^2*k43*k12+k21*k03*k32^2)*k34*k21*k32^2
4,1,"3",2,4,True,False,7/7,1
4,1,"3",3,3,True,False,7/7,-k32*k34*k21*(k23^3*k32*k12*k34-5*k43*k23*k32*k12*k34^2-2*k43*k23*k34^3*k21-k23*k32*k03^2*k34^2+k23*k32^2*k03*k34*k21+3*k43*k23^2*k32*k34*k21-2*k43^2*k32^2*k34^2-2*k43*k32^2*k03*k34^2+2*k43*k23*k12*k34^3-k23^2*k32*k12*k34^2+2*k43^2*k32*k12*k34*k21-k23^2*k32^2*k03*k21-k23*k32^2*k03*k34^2-4*k43^2*k32*k12*k34^2+k23*k32*k12*k03^2*k34+2*k43*k23*k34^2*k21^2-2*k43*k23*k32^2*k03*k21+3*k43*k23*k32^2*k34*k21+3*k43*k23*k32*k34^3+k23*k32*k03^2*k34*k21+2*k43*k12*k03*k34^3-2*k43^2*k12^2*k34^2+2*k43^2*k32*k34^2*k21+k23^2*k32*k34^3+k23^2*k32^2*k34*k21+2*k43*k23*k32*k12*k34*k21-k23*k32^2*k03^2*k21+2*k43^2*k32^2*k34*k21+2*k43*k32^2*k03*k34*k21-k43*k23*k32*k34^2*k21-k23*k32*k03*k34^2*k21-2*k43*k23*k32*k03*k34^2-k23^2*k32*k34^2*k21-2*k23^2*k32*k03*k34^2-k23^2*k32^2*k34^2-k43^2*k23*k32^2*k21-3*k43*k23*k32^2*k34^2+3*k43*k23*k32*k03*k34*k21-2*k43*k32*k03*k34*k21^2+2*k43^2*k12*k34^3-2*k43^2*k34^3*k21-2*k43*k23^2*k32*k34^2-2*k43*k12^2*k03*k34^2+k23*k32^2*k03^2*k34-k23*k32*k12*k03*k34^2+2*k23^2*k32*k03*k34*k21+2*k43^2*k23*k32*k34*k21+k23*k32*k03*k34^3+k23^2*k32^2*k03*k34+2*k43*k03*k34^2*k21^2+2*k43*k32*k12*k03*k34*k21+k43*k23*k32*k12*k03*k34-4*k43*k32*k12*k03*k34^2+k43*k23*k32^2*k03*k34+2*k43^2*k32*k34^3-k23^3*k32*k34^2-2*k43*k23*k12^2*k34^2-k43*k23^2*k32^2*k21-2*k43^2*k32*k34*k21^2-2*k43*k03*k34^3*k21+k43*k23^2*k32*k12*k34+2*k43^2*k12*k34^2*k21+2*k23^2*k32*k12*k03*k34+2*k43*k32*k03*k34^3+k23^3*k32*k34*k21-2*k43*k23*k32*k34*k21^2)
4,1,"3",3,4,True,False,7/7,-k21*k43*(k03*k21^2*k43*k32^2-2*k12*k21*k43*k23*k32+k12*k21*k34*k43^2*k32+2*k03^2*k34*k43*k32-k03*k12^2*k21*k34*k43-2*k03*k12*k34^2*k43*k23-k21*k34*k23^2*k32+2*k34^3*k43^2*k32+2*k03*k34*k43^2*k32^2+2*k12^2*k21^2*k43+k03*k12^2*k21*k34-2*k12*k34^3*k43-k03*k21*k34^3*k43+k12*k21*k34^2*k43^2-k03*k21^2*k34*k43^2-k03*k12*k21^2*k32-k21^3*k34*k32+2*k03*k34^2*k23*k32+k03*k21*k34^3+2*k03*k21*k34^2*k43*k23+k21*k34*k43*k23*k32^2-k12*k34*k23^2*k32+2*k21*k34^3*k43+3*k03*k34*k43*k23*k32+k03*k12*k34^3*k43+2*k03*k12^2*k34*k43^2+k21*k34^2*k43*k32^2-k21*k34^2*k23*k32-2*k21*k34*k43^2*k23-k03*k34^2*k43*k32^2+k12^2*k34^2*k23-k03*k21*k43*k23*k32^2-k03*k12*k21*k43*k23*k32+2*k12*k21*k43^3*k32+2*k12*k21*k34^2*k43*k32-k03*k21^2*k34*k43*k32-k03*k21*k43^2*k32^2+2*k34^2*k43*k32^2-k21^2*k34*k43*k23^2+2*k12*k34^2*k23*k32+k21^3*k34*k43*k23-2*k03^2*k21*k34*k43+2*k12*k34*k43^2*k23+2*k21*k34^2*k43^2+k21*k34*k43^2*k32^2-2*k03*k12*k34^2*k43^2+k21^2*k34*k43*k32+2*k03^2*k12*k34*k43-2*k12*k34^2*k43^2+2*k12*k21^2*k43*k23+2*k03*k21*k34^2*k43^2-k21^3*k34^2*k43-k12*k21*k34^3*k43-k03*k21^2*k23*k32+k12^2*k34*k43*k23^2-k03^2*k34*k32^2-k03*k34^3*k32+4*k03*k12*k34*k43^2*k32-k03^2*k21^2*k32-k21^2*k34*k43*k32^2-2*k12*k34*k43*k23*k32+k03*k12*k21^2*k43*k32+k03*k21*k34*k43*k23*k32+k12*k21*k34^2*k43*k23-2*k12^2*k34*k43*k23-2*k03*k21^2*k34*k43*k23+k03*k12*k21*k34*k32-k03*k21*k34*k43^2*k32+k21^3*k34*k43*k32-k03^2*k21*k43*k32^2+k03*k12^2*k34^2+2*k12*k21^2*k43*k32-2*k21^2*k34*k43*k23*k32-2*k34^2*k43^2*k23*k32+3*k21^2*k34*k43*k23+2*k03*k12^2*k34*k43*k23+k34^2*k23*k32^2+k03*k12*k21*k43^2*k32-2*k12^2*k21^2*k43^2+3*k03*k21^2*k34*k43+k12*k21*k34^2*k43-k12*k21*k34*k43^2*k23+2*k12*k34^3*k43^2+k03^2*k12*k21*k32-3*k21*k34*k43*k23*k32-2*k12^2*k21*k43*k23+k03*k34^2*k32^2-k12*k34^2*k43*k23^2+k21*k34^2*k43*k32-2*k03*k12^2*k34*k43-k12^2*k21*k34^2+k03*k34*k43*k23*k32^2+3*k03*k12*k34*k43*k23*k32+k03^2*k21^2*k34-2*k03*k12*k34^2*k43*k32-2*k21*k34^3*k43^2-k34^2*k43*k23^2*k32+k03^2*k34*k43*k32^2-k03*k21^2*k43*k32-2*k12*k21*k43^2*k32+2*k21^2*k34*k23*k32+k03*k12*k21*k34^2*k43+k21*k34^2*k43*k23^2+2*k03*k34*k43^2*k32-k12*k21^2*k34*k43*k32-k21^3*k34*k23+4*k12*k34^2*k43*k32+k03*k21*k34^2*k43*k32+k03^2*k12*k34^2-k12*k21*k34*k43*k23+k03*k21*k23*k32^2-k12^2*k34^2*k43*k23+2*k12^2*k34^2*k43-2*k12*k21^2*k43^3-2*k03*k34^2*k43*k23*k32-2*k12^2*k21*k43^2+2*k03*k12*k34^2*k32-2*k12*k21^3*k43+2*k12*k34*k43^2*k23*k32-k03*k12*k21*k43*k32+k21*k34^2*k43^2*k32-k03*k12^2*k34^2*k43-3*k21^2*k34^2*k43+k12*k21^2*k34*k32-k03*k21*k34^2*k32+2*k03*k12^2*k21*k43^2+k21*k34*k43*k23^2*k32+k21^3*k34^2+k12*k21*k34^3+2*k12^2*k21*k43^2*k23-k03*k12*k21*k34*k43+2*k03^2*k12*k34*k43*k32-k21*k34^2*k23^2+k03*k21^2*k43^2*k32+k34^2*k43*k23*k32+k12*k34^2*k23^2-4*k12*k34^2*k43^2*k32-k03*k12*k34^3-k21*k34*k23*k32^2-4*k03*k12*k34*k43*k32+k21*k34*k43^2*k23*k32-k34^3*k23*k32-k03*k34*k23*k32^2-2*k12*k21*k34^2*k32-2*k03*k12*k21^2*k43^2+2*k12*k34*k43*k23^2+k03*k21^2*k34*k32+2*k12^2*k21*k43^3+2*k12^2*k34*k43^2*k23-k03*k12*k21*k34^2+k12*k34*k43*k23^2*k32+2*k12*k21^2*k43^2+k12*k34^3*k43*k23-2*k03*k34^2*k43^2*k32-k12^2*k34*k23^2-k12*k34^3*k23-k03*k21*k34*k43*k32-k12^2*k21*k34*k43*k23-k03^2*k12*k21*k43*k32-2*k21*k34*k43*k23^2+k21^2*k34*k23^2-2*k34^2*k43^2*k32-k21^2*k34*k43^2*k23+k21*k34^3*k23+k12^2*k21*k34*k23-2*k12*k21^2*k43^2*k32-k21*k34^3*k43*k23-k03*k12*k21*k34*k43*k32+2*k03*k21^2*k34*k23-k12*k21*k34^2*k23+2*k34*k43^2*k23*k32-k03*k21^3*k43*k32+4*k03*k12*k34*k43*k23-2*k34^2*k43^2*k32^2-2*k03*k12^2*k34*k23+k03*k12*k21*k23*k32+k03*k21^2*k43*k23*k32+k03*k21*k43*k32^2+2*k12*k21*k43^2*k23*k32-k03^2*k34^2*k43*k32+k03*k21^3*k32+k21^2*k34^3*k43+k03*k21^3*k34*k43+k03^2*k21*k32^2-k21*k34*k43*k32^2+2*k03*k12*k34*k43^2-2*k12*k34^2*k43*k23*k32+2*k03*k12*k21^2*k43+k03^2*k34^2*k32-4*k03*k21*k34*k43*k23+k03^2*k21*k34^2*k43-k21*k34^3*k43*k32-2*k12*k21^2*k43^2*k23-2*k03*k21*k34*k43^2+k21^2*k34*k32^2-k21^2*k34*k43^2*k32+k21*k34^3*k32-k03^2*k12*k34^2*k43+2*k03*k12*k34^2*k23+k03*k34^3*k43*k32-k03*k12*k21*k34*k43^2-k34^2*k43*k23*k32^2-k12*k21*k34*k43*k32-2*k03*k21*k34^2*k23+k34*k43*k23^2*k32-2*k03*k34*k43*k32^2-2*k34^3*k43*k32-k03^2*k12^2*k34+k03^2*k21^2*k43*k32+2*k21*k34^2*k43^2*k23-3*k03*k12*k34*k23*k32-2*k12^2*k34^2*k43^2+k21*k34^2*k43*k23*k32+2*k12*k21^3*k43^2+k03^2*k12^2*k34*k43+k34^2*k23^2*k32-k21*k34^2*k32^2-k21^2*k34^3+k21^2*k34^2*k43^2-k03*k21^2*k32^2-k03*k21^3*k34-2*k03^2*k12*k34*k32+k34^3*k43*k23*k32-k03^2*k21*k34^2+k12^2*k21*k34^2*k43-k03^2*k21^2*k34*k43-2*k12*k34^2*k43^2*k23-k03*k21*k34*k23*k32-2*k03*k12^2*k21*k43)*k32
4,1,"3",4,4,True,False,7/7,-k34^5*k21*k43^2*k32*(2*k12*k03-2*k21*k43+2*k43*k12-2*k21*k12+k23*k32-2*k21*k03-2*k21*k23+2*k21^2-2*k21*k32+2*k23*k12+2*k43*k32+2*k32*k03)
4,1,"4",1,1,True,False,7/7,k43*(k32*k23-2*k23*k04+2*k43*k32-2*k32*k34-2*k43*k34+2*k23*k12+2*k34^2-2*k12*k34-2*k23*k34+2*k43*k12-2*k32*k04+4*k04*k34-2*k43*k04-2*k12*k04+2*k04^2)*k32*k12^2*k21^3
4,1,"4",1,2,True,False,7/7,k32*k21^2*k43*(2*k12*k04*k34*k21+k32*k21^2*k43^2+k32*k04^2*k21*k23+3*k04^2*k34*k21^2-k12*k34*k21*k43+k34*k21^3*k43+2*k34^2*k21*k43^2+k32*k04^2*k21*k43+k32*k21^2*k23^2+k34^2*k21*k23^2+k34*k21^3*k23-k12*k34*k21*k23+2*k32*k21^2*k43*k23+k12*k04*k23^2-2*k12*k04*k21*k43*k23-k12*k04^2*k21^2-k12*k04*k21^2*k43-k32*k34*k21^2+k32*k04*k43*k23-3*k04^2*k34*k21*k23+k04^3*k21^2-k32*k04^2*k43+k12*k04*k43^2-k34^2*k21^3+k12*k34^2*k21-k32*k04^2*k23-4*k04^2*k34*k21*k43-k12*k04*k21^2*k23+3*k34^2*k21*k43*k23-k34^3*k21+2*k12*k04*k43*k23-3*k04*k34*k43^2-k32*k21^3*k23-k34*k21^2*k23^2+4*k12*k21^2*k43*k23-k32*k21^3*k43-2*k04*k34*k23^2+3*k04*k34^2*k21^2-k34*k21^2*k43^2-k04^3*k21*k43+k12*k04^2*k21*k23+k04*k21*k23^2+k34^2*k21^2+2*k32*k04*k34*k21+k32*k34*k21*k23+k32*k34*k21^3+k04*k21*k43^2+k12*k04^2*k21*k43-k04^3*k21*k23-2*k32*k34*k21*k43^2+k32*k04*k21^3-3*k04*k34^2*k21*k23-2*k32*k04*k34*k21^2-5*k04*k34^2*k21*k43-2*k34*k21^2*k43*k23-k32*k34*k21*k23^2+k04^2*k21^2-2*k04^2*k43*k23-5*k04*k34*k43*k23-k34*k21^2*k23-3*k04*k34^2*k21-k34*k21^2*k43-k04^2*k21^3+k12*k04^2*k21+2*k12*k34*k43^2-k04^3*k21-k32*k34^2*k23+k12*k34*k23^2-k12*k34^2*k21^2+2*k04*k21*k43*k23-2*k32*k34^2*k43+k34^3*k21^2-k32*k04*k21^2-3*k04^2*k34*k21-2*k12*k04*k34*k21^2+k32*k21^2*k43-2*k12*k34*k21*k43^2-k12*k34*k21*k23^2-2*k32*k04*k21*k43*k23+k32*k34^2*k21-k12*k04*k21*k43^2+k04^3*k23+k32*k04*k43^2+2*k34*k21*k43*k23-k12*k04^2*k23+k04^3*k43-k32*k04^2*k21^2-k12*k04*k21*k23^2-k12*k04^2*k43-3*k32*k34*k21*k43*k23+2*k12*k21^2*k23^2+3*k32*k04*k34*k21*k43+3*k04^2*k34*k23+2*k32*k04*k34*k21*k23+2*k12*k21^2*k43^2+4*k04^2*k34*k43-k04^2*k43^2+2*k12*k34*k21^3-k04*k21^2*k23-3*k34^2*k43*k23-2*k04*k21^2*k43*k23-k04*k21^2*k43-k04^2*k23^2-2*k12*k21^3*k43-k32*k04*k21*k43^2+5*k04*k34^2*k43-2*k12*k21^3*k23+3*k04*k34^2*k23-k32*k04*k21*k23^2+k34*k21*k23^2-2*k34^3*k21*k43+k12*k34^2*k21*k23+2*k12*k34^2*k21*k43-k34^3*k21*k23+k34*k21*k43^2+k32*k04*k21*k23+2*k04*k34*k21^2-k04*k21^2*k23^2-2*k32*k04*k34*k23-k34^2*k23^2+3*k12*k34*k43*k23+2*k12*k04*k21^3-2*k34^2*k43^2-3*k32*k04*k34*k43-k04*k21^2*k43^2-k32*k21*k43*k23-2*k04*k34*k21^3-k12*k34*k21^2*k43+k32*k34*k43*k23-k32*k21*k43^2-2*k12*k04*k34*k23-k12*k34*k21^2*k23-3*k12*k04*k34*k43+k04^2*k21*k43^2-k32*k34^2*k21^2-k12*k04*k21*k43+2*k34^3*k43+2*k04^2*k21*k43*k23+k04*k21^3*k43+k32*k34^2*k21*k23+2*k12*k04*k34*k21*k23+3*k04*k34*k21*k43^2-2*k12*k34^2*k43+k04*k21^3*k23-k12*k04*k21*k23+k34^3*k23+2*k32*k34*k43^2+k32*k04^2*k21+k04^2*k21*k23^2-k12*k34^2*k23+2*k04*k34*k21*k23^2+3*k12*k04*k34*k21*k43+5*k04*k34*k21*k43*k23-3*k12*k34*k21*k43*k23+2*k32*k34^2*k21*k43)
4,1,"4",1,3,False,False,6/7,0
4,1,"4",1,4,False,False,5/7,0
4,1,"4",2,2,True,False,7/7,k32*(k23^2*k32*k21*k34^2-2*k12^2*k21^2*k34^2-k23^3*k32*k04^2-3*k23*k32*k12*k21^3-k23*k32*k04*k21^2*k43+2*k23*k32*k21*k34*k43^2+k23*k32^2*k04*k43^2-k23*k32^2*k04^2*k21+2*k23*k04^2*k12^2*k21+3*k23*k32*k12*k21^2*k34+2*k23^2*k32*k04*k12*k43-2*k32*k12*k21^2*k34^2+2*k32*k04*k12*k21*k34*k43+k23^3*k32*k21*k34-4*k23*k04*k12^2*k21*k43-2*k12^3*k21^2*k43+2*k23*k32^2*k21^2*k43-2*k04*k12^2*k21*k43^2-4*k23^2*k32*k04*k34*k43-2*k23*k12^2*k21^3+2*k12^2*k21^3*k34-k23*k32*k04^2*k43^2+k23*k32*k04^2*k21*k43+k23^3*k32*k04*k12+2*k23^2*k32*k04*k21*k34-2*k23^2*k12^2*k21*k34+k23*k32*k04*k12*k34*k43+2*k32*k12*k21^3*k34-4*k32*k04*k12*k21^2*k34-6*k23*k32*k12*k21*k34*k43-2*k04^2*k12^2*k21^2-2*k32*k12^2*k21^2*k43+3*k23^2*k32*k21*k34*k43-2*k32*k04*k12*k21*k43^2-k23*k32^2*k21*k34^2-2*k23^2*k04*k12^2*k21-4*k04*k12^2*k21^2*k34+2*k32*k04*k12^2*k21^2-k23^2*k32^2*k21*k43+k23*k32*k04*k12*k43^2-2*k23*k12^3*k21^2+k23^2*k32*k04^2*k21-2*k23*k32*k04*k34*k43^2-k23*k32^2*k21^3-2*k32*k04^2*k12*k21^2-k23^2*k32^2*k04*k21-3*k23*k32^2*k04*k21*k43+k23*k32^2*k04*k34*k43-5*k23^2*k32*k04*k12*k21-2*k23^2*k32*k34^2*k43+k23^2*k32^2*k21^2+k23*k32*k04*k21*k43^2+k23*k32^2*k04^2*k43+2*k32*k04*k12*k21^3+2*k23*k32*k21*k34^2*k43-k23^2*k32*k21^2*k34-2*k23*k32^2*k04*k21*k34+2*k23*k32^2*k04*k21^2+2*k32*k12^2*k21^2*k34-k23^3*k32*k34^2+2*k04*k12^2*k21^3+2*k32*k04^2*k12*k21*k43-2*k23^3*k32*k04*k34+3*k23*k32*k04*k21*k34*k43+4*k23*k12^2*k21^2*k43-k23*k32^2*k21*k43^2+3*k23^2*k32*k12*k21^2-2*k23*k32*k21^2*k34*k43+k23^2*k32*k04^2*k12-k23^2*k32^2*k21*k34+2*k12^3*k21^2*k34+2*k23*k32^2*k21^2*k34+2*k04^2*k12^2*k21*k43-5*k23^2*k32*k12*k21*k34+4*k23*k04*k12^2*k21*k34+3*k23*k32*k04*k12*k21^2-2*k23^2*k32*k04^2*k43-2*k12^2*k21^3*k43-k23^2*k32*k04*k21^2+2*k23^2*k12^2*k21^2+k23^2*k32*k12*k34^2-7*k23*k32*k04*k12*k21*k43-k23*k32*k12^2*k21^2+2*k23^2*k32*k04*k21*k43+k23^3*k32*k12*k34-2*k32*k12*k21^3*k43+2*k04*k12^3*k21^2+k23^3*k32*k04*k21+k23^2*k32*k12*k34*k43+2*k04*k12^2*k21*k34*k43+2*k23*k12^2*k21*k34^2+2*k12^2*k21^2*k43^2+k23*k32*k04^2*k12*k43-2*k23*k32^2*k21*k34*k43+k23^2*k32^2*k04*k43+5*k23*k32*k12*k21^2*k43+2*k23^2*k32*k04*k12*k34-2*k23*k12^2*k21*k34*k43+2*k32*k12*k21^2*k43^2)*k21*k43
4,1,"4",2,3,True,False,7/7,k32^2*k21*(4*k32*k12*k34*k21^2+3*k32*k04^2*k34*k21-2*k12^3*k21+k34*k21^2*k23+k32^2*k04^2*k43-k12^2*k34^2-2*k32*k12*k21^2-2*k32^2*k12*k04*k34+k32*k12*k34^3-2*k12*k34^2*k21-3*k32^2*k34*k21*k43-k32*k12*k34*k23-k32*k04*k21^2*k23+k32*k04^3*k21+2*k32^2*k04*k21^2+k32*k12*k34^2*k43-3*k32*k12*k04*k21*k43-2*k04*k34*k21*k23-2*k12*k21^2*k23+k32^2*k34^2*k23+2*k32^2*k12*k04*k21-2*k32*k12*k21^3+k32*k21^3+3*k32*k04*k34^2*k21+4*k32*k04*k34*k21*k23+2*k12*k04*k21*k43-k34^2*k21*k23+k12^3*k34+2*k32^2*k04*k34*k23-2*k32*k04^2*k21^2+2*k32*k04^2*k21*k23-2*k32*k12*k04*k43+k32*k34*k21^3+3*k12^2*k34*k21-k04*k21^3+2*k04*k34*k21^2+k32*k12*k04^2*k23+k34^2*k21^2-k32*k04^2*k21-k32^2*k34^2*k21+k32*k04*k34*k43+3*k32*k34^2*k21*k43+2*k32*k12*k21^2*k43+k12^3*k04-k12*k04*k21^2-3*k32*k04*k34^2*k23-k32*k21^2*k43-3*k32*k12*k34*k21*k23+k12*k04^2*k43-2*k32^2*k04*k34*k21-k04^2*k21*k43-3*k32*k12*k04^2*k21-2*k32*k12^2*k04*k34-2*k32*k34^3*k43-k12^2*k34*k23+2*k12*k34*k21*k23-k12^2*k04^2-3*k32*k04^2*k34*k23+k32*k34*k21*k23-2*k32^2*k04*k21*k23+k32^2*k04*k21+k32*k12*k04^3-k32*k34*k21^2*k43+3*k32*k12^2*k04*k21+3*k32*k12*k04^2*k34+3*k32*k12*k34*k21+k32^2*k21^2*k23+k04*k21^2*k43+k12*k34^2*k23+2*k32*k12*k04*k34*k43+k32^2*k21*k43-k12^2*k04*k43+k12*k04*k34*k43-k32*k04^3*k23-k32*k34*k21^2*k23-k12*k34*k21^2-2*k32^2*k04*k21*k43-k32^2*k12*k04^2-k32*k34*k21*k43-4*k32*k04^2*k34*k43-k32^2*k04^2*k21-k32*k34^2*k21-k32*k04^3*k43+2*k12*k04*k34*k23-k12^2*k04*k23-3*k32*k12*k34^2*k21+2*k32*k12*k04*k34*k23-k32*k12^2*k21+k04*k21^2*k23+k32^2*k21^2*k43-5*k32*k04*k34^2*k43-k32*k12^2*k04^2+k32^2*k34*k21+2*k32*k12*k21^2*k23+2*k32*k34^2*k21*k23+k32*k12*k21*k43+k12^2*k34*k43-k32*k34^3*k23+k32*k12^2*k34-k04^2*k21*k23+k12*k04^2*k23-3*k32*k12*k34*k21*k43-4*k32*k04*k34*k21^2+3*k32*k12*k04*k21+3*k32*k12^2*k34*k21-k32*k21^2*k23+2*k12*k04*k21*k23-k32^2*k12*k21^2-k32*k12^2*k34^2+5*k32*k04*k34*k21*k43+2*k32^2*k34^2*k43+k32*k04^2*k43-2*k12*k21^2*k43-k04*k34*k21*k43-3*k32*k12*k04*k21*k23-2*k32*k04*k34*k21-k32^2*k21^3+4*k32*k12*k04*k21^2+k32*k12^2*k04+k32*k12*k04^2*k43+k32*k34^3*k21+2*k32^2*k34*k21^2-k32*k12*k04*k23+2*k32*k04^2*k21*k43-2*k12^2*k04*k34+3*k32^2*k04*k34*k43-2*k12*k04^2*k21-k32^2*k04*k43-k32^2*k21^2+3*k32*k12*k04*k34^2+2*k12*k21^3+2*k32^2*k12*k34*k21+k32^2*k04^2*k23+k34*k21^2*k43-2*k32*k12^2*k21^2-k32^2*k12*k34^2+k32*k12*k34^2*k23+k04^2*k21^2-4*k12*k04*k34*k21-k34*k21^3+3*k12^2*k04*k21-k32*k04*k21^2*k43+k32*k04*k21^3-2*k32^2*k34*k21*k23-2*k32*k34^2*k21^2-6*k32*k12*k04*k34*k21+k32*k04*k21*k23)*k43
4,1,"4",2,4,True,False,7/7,1
4,1,"4",3,3,True,False,7/7,-k43*(2*k43^2*k12*k34^3+k43^2*k23*k32*k04*k21-k43^2*k23*k32*k04^2-k43^2*k23*k32^2*k21-5*k43*k23*k32*k12*k34^2-2*k43*k23*k32*k34*k21^2-k23^2*k32*k04^2*k21+2*k43*k23*k12*k34^3-4*k43*k23^2*k32*k04*k34+2*k43*k23*k32*k12*k34*k21-k23^2*k32^2*k04^2-4*k43^2*k32*k12*k34^2-2*k23^3*k32*k04*k34-2*k43^2*k32*k34*k21^2-k43*k23*k32*k12*k04^2+k23^2*k32^2*k04*k21+3*k23^2*k32*k04*k34^2-k23^2*k32^2*k34^2+2*k43^2*k32*k04^2*k34-4*k43*k23*k32^2*k04*k34-2*k43*k23*k12^2*k04*k34+2*k43^2*k12*k04^2*k34+2*k43^2*k32*k12*k34*k21-2*k43^2*k32^2*k34^2-k23^3*k32*k04^2+2*k43^2*k23*k32*k34*k21-2*k43*k23^2*k32*k04^2-4*k43^2*k04*k34^2*k21-2*k43*k23*k04^2*k34*k21-k43*k23^2*k32^2*k21-3*k43*k23*k32^2*k34^2-k23^2*k32*k34^2*k21+k43^2*k23*k32*k12*k04+5*k43*k23*k32*k04^2*k34-2*k43^2*k32^2*k04*k34-2*k43^2*k12^2*k04*k34-2*k23^2*k32*k12*k04*k34+2*k43*k23*k12*k04^2*k34-k23^3*k32*k34^2+k23^2*k32^2*k34*k21-2*k43*k23^2*k32*k34^2-2*k23^2*k32*k04*k34*k21-4*k43*k23*k04*k34^2*k21-k43*k23*k32^2*k04^2-2*k43^2*k04^2*k34*k21+2*k43^2*k32*k34^3-2*k23^2*k32^2*k04*k34+k43^2*k23*k32^2*k04+3*k43*k23*k32*k34^3+2*k43^2*k32^2*k34*k21+k23^3*k32*k04*k21-k43*k23*k32*k34^2*k21+2*k43*k23^2*k32*k04*k21+3*k23^2*k32*k04^2*k34+k43*k23*k32*k04^3+3*k43*k23*k32^2*k34*k21+2*k43^2*k32*k34^2*k21-4*k43^2*k32*k12*k04*k34+2*k43^2*k12*k34^2*k21-2*k43^2*k23*k32*k04*k34+2*k43*k23^2*k32*k12*k04+k43*k23^2*k32^2*k04+2*k43^2*k04*k34*k21^2-2*k43^2*k12^2*k34^2-k23^2*k32*k12*k34^2+k23^2*k32*k04^3+4*k43^2*k12*k04*k34^2+k23^3*k32*k34*k21+4*k43^2*k32*k04*k34^2+k23^3*k32*k12*k34-k43*k23*k32*k04^2*k21-2*k43*k23*k12^2*k34^2+2*k43*k23*k34^2*k21^2-2*k43^2*k34^3*k21+k43*k23^2*k32*k12*k34+3*k43*k23^2*k32*k34*k21-6*k43*k23*k32*k12*k04*k34+2*k43*k23*k04*k34*k21^2-k23^2*k32*k12*k04^2-2*k43*k23*k32*k04*k34*k21+k23^3*k32*k12*k04+k23^2*k32*k34^3-2*k43*k23*k34^3*k21+4*k43*k23*k12*k04*k34^2+7*k43*k23*k32*k04*k34^2+k43*k23*k32^2*k04*k21)*k32*k21
4,1,"4",3,4,True,False,7/7,-(k04*k21^2*k43*k23^2*k32-4*k12*k21^3*k43^2*k23+2*k04*k21^2*k34*k32^2+k04^2*k12*k21*k43^2*k32-2*k12*k21*k34*k43*k23*k32-2*k04*k21^2*k34*k43*k32^2-2*k21*k34*k43^2*k32^3-2*k04*k12*k21^2*k43*k23+2*k12*k21*k43*k23^2*k32-2*k21*k34^2*k43*k32^2-k21^2*k34*k32^3+4*k12*k21*k34*k43*k32^2-k04*k43*k23^2*k32^2+2*k12*k21^2*k43*k23*k32^2-2*k21^2*k34^2*k43^2*k32-k21*k34*k43*k23^2*k32^2-2*k04*k21^2*k34*k43*k23*k32+k21^2*k43^2*k23*k32^2+k12*k21^2*k34*k43^2*k32-k21^3*k34^2*k32-5*k04*k12^2*k21^2*k32+k04*k21*k43*k23*k32^2+2*k12*k21^4*k43*k32+2*k04*k21^2*k34*k23*k32-2*k04*k12^2*k21^2*k23+2*k12*k21^2*k34*k43^2*k23-k21^3*k43^2*k23*k32+2*k12*k21^4*k43*k23+k04*k21*k43*k32^3-2*k12^2*k21*k34^2*k23+k21^2*k43^2*k32^3-4*k12*k21^3*k43*k23*k32+2*k21^3*k23*k32^2-2*k12^3*k21*k23^2-2*k12*k21^3*k43^2*k32+2*k04*k12^3*k21^2*k43+2*k12^3*k21*k43*k23^2-2*k12*k21^3*k34^2+4*k12^2*k21*k43^2*k23*k32+2*k04*k21^3*k34*k43*k32-k04*k21^2*k23^2*k32+k21^4*k34*k32+k04^2*k21^2*k43*k32-k04^2*k21^3*k32+3*k04^2*k12*k21*k43*k23*k32-3*k12*k21^2*k34^2*k43*k32+k21^2*k43*k23^2*k32^2-2*k21*k34*k43^2*k23*k32^2-k04*k21*k43*k23*k32^3+2*k04^2*k12^2*k21^2-2*k04*k12^2*k21*k43*k23^2-5*k12^2*k21^2*k34*k32-3*k04^2*k12*k21^2*k43*k32+k04*k21^2*k43^2*k23*k32+k04*k21^4*k32-2*k12^2*k21*k34*k43*k23^2-k21^2*k34*k23*k32^2-2*k21*k34*k43^2*k32^2+2*k12*k21*k43^2*k23*k32+2*k12^2*k21^2*k43^2*k23+3*k12*k21^2*k34*k43*k23*k32-k04*k21^3*k43*k32-2*k04^2*k12*k21^2*k43*k23+2*k12^3*k21^2*k43+5*k04*k12^2*k21*k23*k32+3*k04*k12*k21*k34*k43^2*k32-k21^2*k34^2*k43*k23*k32-2*k04^2*k12^2*k21^2*k43-2*k12^2*k21^2*k43^2*k32-4*k04*k12*k21*k43*k23*k32^2+k04^2*k21^2*k32^2+3*k12^2*k21*k43*k23^2*k32-2*k12*k21^2*k34^2*k43*k23-k12*k21^2*k43*k32^2+5*k12^2*k21*k34*k23*k32-2*k04*k12^3*k21*k43*k23-2*k12^2*k21^2*k34*k23-k21^3*k43*k23^2*k32+k04^2*k21*k43*k23*k32^2+k21^4*k43*k23*k32-2*k12^3*k21^2*k43^2-4*k04*k12*k21^3*k34+2*k04*k12^3*k21*k23-2*k04*k12*k21*k43^2*k32^2+2*k12*k21^2*k34^2*k23+k04*k12*k21*k43*k23*k32-k21^3*k43*k32^3-2*k12*k21^2*k23*k32^2+2*k12^2*k21*k34*k43*k32+k04^2*k21*k43^2*k32^2-k21^2*k23^2*k32^2+2*k04^2*k12*k21^2*k23-2*k12^3*k21^2*k34-k12^2*k21^2*k43*k23*k32-6*k04*k12*k21^2*k34*k43*k32+2*k12*k21^3*k34^2*k43+2*k04*k21*k34*k43*k23*k32^2+k21^2*k34*k43*k23^2*k32-k21^4*k32^2-2*k12*k21^3*k43^3-2*k12*k21^4*k32+3*k04*k12*k21*k23^2*k32+6*k04*k12*k21*k34*k43*k23*k32+k04*k12^2*k21*k43*k32-3*k21^3*k34*k43*k32+k21^2*k34*k43*k32^2-4*k04*k12*k21^2*k34*k43*k23+k21*k34*k23^2*k32^2-2*k12*k21^4*k23+2*k04*k12^2*k21*k43*k23+3*k12*k21^2*k34^2*k32+2*k12*k21*k43^2*k23*k32^2+2*k12^2*k21*k34*k43*k23-2*k12*k21^4*k34*k43+3*k04^2*k12*k21^2*k32+2*k12*k21*k34^2*k43^2*k32+2*k21^2*k34*k43^2*k23*k32+2*k12*k21^3*k43^2+k04^2*k21^2*k23*k32-2*k12^2*k21^2*k34^2*k43+2*k04^2*k12^2*k21*k43*k23-3*k04*k12*k21^2*k23*k32-2*k12^2*k21^3*k43*k32-5*k12^2*k21*k34*k43*k23*k32-2*k12^3*k21*k43*k23+k04*k21*k23*k32^3+4*k04*k12*k21^2*k43*k32^2+k21^3*k43*k32^2-k12*k21*k23^2*k32^2-2*k04^2*k12^2*k21*k23-k04^2*k21^2*k43*k32^2+2*k04*k12*k21^2*k43*k23^2+3*k04*k21^2*k34*k43*k32-4*k12*k21*k34*k43*k23*k32^2+k21*k34^2*k43*k23*k32^2+k12*k21*k43*k23^2*k32^2-5*k04*k12^2*k21*k43*k23*k32-k21*k34^2*k23*k32^2-2*k21*k34*k43*k23^2*k32+2*k12^2*k21^3*k32+4*k12*k21*k34*k23*k32^2-3*k12*k21^2*k43*k23*k32+k21^2*k34*k43*k32^3+3*k04*k21*k34*k43^2*k32^2+k21^3*k23^2*k32+4*k12*k21^3*k23*k32+k21^3*k34^2*k43*k32+2*k12^2*k21*k34*k23^2+5*k04*k12^2*k21^2*k43*k32-2*k12^3*k21*k34*k43*k23-3*k12^2*k21*k23^2*k32+2*k12*k21^2*k34*k43*k23^2+2*k04*k12^2*k21*k23^2+2*k12*k34*k43*k23^2*k32-k04*k21^2*k23*k32^2-3*k04*k12*k21*k43^2*k23*k32-k21^2*k23*k32^3+2*k12^2*k21^2*k34^2-3*k12*k21^3*k43*k32^2+2*k12^3*k21^2*k23-k21^3*k43^2*k32^2+2*k12^3*k21*k43^2*k23-3*k12*k21^2*k34*k23*k32+2*k12*k21^4*k34-2*k12*k21*k43*k23*k32^2+k21^2*k34^2*k23*k32+2*k12^2*k21*k34^2*k43*k23-2*k12*k21*k34*k43^2*k32+k04*k21^2*k43*k23*k32^2-2*k12*k21^3*k43*k23^2-k21^4*k23*k32-3*k04*k21^2*k34*k43^2*k32+k21^3*k32^3-3*k04^2*k12*k21*k23*k32+k21^4*k43*k32^2+2*k12*k21^4*k43^2+k21*k34*k23*k32^3+2*k04*k12^2*k21^2*k43*k23-3*k04*k21*k34*k43*k32^2+3*k12*k21*k34^2*k43*k23*k32+2*k12*k21^2*k43*k23^2*k32-k21^2*k34^2*k43*k32^2+2*k12^3*k21*k34*k23+4*k12*k21^2*k34*k43*k32^2-k04^2*k21*k43*k32^2-2*k12^2*k21*k34*k43^2*k32+k04*k21*k23^2*k32^2+2*k04^2*k12*k21^3*k43-4*k04*k12^2*k21*k34*k23-3*k04*k12*k21*k43*k23^2*k32-2*k12^3*k21^2*k43*k23+2*k04*k12*k21*k43*k32^2+k04^2*k21^3*k43*k32-k04*k12^2*k21*k43^2*k32-k21^4*k34*k43*k32+k21^3*k34*k43^2*k32-2*k21^3*k43*k23*k32^2+k12^2*k21^2*k23*k32+2*k21^2*k34*k43*k23*k32-2*k04*k12*k21^2*k23^2-6*k04*k12*k21*k34*k23*k32-2*k12*k21^2*k43^2*k32-2*k04*k12^2*k21*k43^2*k23-2*k04*k12^3*k21^2-4*k04*k12*k21^2*k32^2+k21^2*k34*k43^2*k32^2+3*k12*k21^2*k43^2*k23*k32-2*k12^2*k21*k34*k43^2*k23-k21^2*k34*k23^2*k32-2*k12*k21*k34^2*k43*k32+k21*k43*k23^2*k32^2-k04*k21*k43^2*k23*k32^2-k21*k34*k43*k23*k32^3-2*k04*k12*k21^4*k43-k04*k21^4*k43*k32+2*k21^2*k34*k43^2*k32-2*k04*k21^3*k34*k32-3*k12*k21*k34^2*k23*k32+3*k12*k21^3*k32^2-k21^2*k43*k23*k32^2+2*k12^2*k21^2*k34*k43*k23-2*k12^2*k21^2*k43*k23-4*k12*k21*k34*k43^2*k23*k32+k21^2*k34^2*k32^2-4*k12*k21^2*k34*k32^2+2*k12^2*k21^2*k43*k32-4*k12^2*k21*k43*k23*k32-4*k04*k12^2*k21^2*k34*k43-3*k04*k12*k21*k34*k43*k32-2*k12*k21^2*k23^2*k32-k04^2*k21^2*k43*k23*k32-2*k12*k21^2*k34*k23^2+4*k04*k12^2*k21^2*k34+k04*k21^3*k43^2*k32-k04*k21^2*k32^3+k21^3*k43*k23*k32+k04*k21^2*k43*k32^3+4*k04*k12*k21*k23*k32^2+2*k12^2*k21^2*k43^3+k12*k21^2*k43^2*k32^2+3*k04*k12*k21^2*k43*k23*k32-k04^2*k21*k23*k32^2+5*k12^2*k21^2*k34*k43*k32+k21^2*k34*k43*k23*k32^2+2*k04*k12*k21^4+2*k12*k21^3*k23^2-4*k12*k21*k34*k43^2*k32^2+2*k21*k34^2*k43^2*k32^2-3*k12*k21*k34*k43*k23^2*k32-k04^2*k12*k21*k43*k32+2*k04*k12*k21^2*k43^2*k23+2*k21*k34*k43*k32^3-k04*k21^2*k43*k23*k32+4*k12*k21^3*k43*k23-2*k04*k21*k34*k23*k32^2-k04*k21*k43*k23^2*k32^2+k21^2*k43*k23*k32^3-2*k12*k21^4*k43-k21*k34*k43*k23*k32^2+k12*k21^2*k34*k43*k32+2*k21^2*k34^2*k43*k32+6*k04*k12*k21^2*k34*k32+2*k12^3*k21^2*k34*k43+3*k12*k21*k34*k23^2*k32-2*k04^2*k12*k21^3-k21^2*k43*k32^3-k04*k21*k43^2*k32^3+2*k12*k21^2*k43^3*k32-2*k12*k21^2*k34*k43*k23+4*k04*k12*k21^2*k34*k23-2*k12^2*k21^2*k43^2-k04^2*k21^2*k43^2*k32+4*k04*k12^2*k21*k34*k43*k23+4*k04*k12*k21^3*k34*k43+2*k12*k21^3*k43*k32)*k43^2
4,1,"4",4,4,True,False,7/7,-k21*k34^2*k43^3*(2*k21^2*k04^2+4*k21^2*k04*k34+k04^2*k23*k32+4*k04*k34*k23*k12-4*k21*k04*k34*k32+2*k34^2*k43*k12-2*k21*k34^2*k23-2*k21*k04^2*k12+2*k04*k34*k23*k32+2*k34^2*k43*k32-2*k21*k04^2*k32-2*k21*k34^2*k43-4*k21*k04*k34*k12+2*k21^2*k34^2+2*k04^2*k23*k12+k34^2*k23*k32-4*k21*k04*k34*k23-2*k21*k04^2*k43-2*k21*k34^2*k32+4*k04*k34*k43*k32+2*k04^2*k43*k12+2*k04^2*k43*k32+2*k34^2*k23*k12-2*k21*k34^2*k12-2*k21*k04^2*k23+4*k04*k34*k43*k12-4*k21*k04*k34*k43)*k32
4,2,"1,2",1,1,False,False,7/8,0
4,2,"1,2",1,2,False,False,7/8,0
4,2,"1,2",1,3,False,False,6/8,0
4,2,"1,2",1,4,False,False,5/8,0
4,2,"1,2",2,2,False,False,7/8,0
4,2,"1,2",2,3,False,False,7/8,0
4,2,"1,2",2,4,False,False,7/8,0
4,2,"1,2",3,3,False,False,7/8,0
4,2,"1,2",3,4,False,False,7/8,0
4,2,"1,2",4,4,False,False,7/8,0
4,2,"1,3",1,1,False,False,7/8,0
4,2,"1,3",1,2,False,False,7/8,0
4,2,"1,3",1,3,False,False,6/8,0
4,2,"1,3",1,4,False,False,5/8,0
4,2,"1,3",2,2,False,False,7/8,0
4,2,"1,3",2,3,True,False,8/8,1
4,2,"1,3",2,4,False,False,7/8,0
4,2,"1,3",3,3,False,False,7/8,0
4,2,"1,3",3,4,False,False,7/8,0
4,2,"1,3",4,4,False,False,7/8,0
4,2,"1,4",1,1,False,False,7/8,0
4,2,"1,4",1,2,False,False,7/8,0
4,2,"1,4",1,3,False,False,6/8,0
4,2,"1,4",1,4,False,False,5/8,0
4,2,"1,4",2,2,False,False,7/8,0
4,2,"1,4",2,3,True,False,8/8,1
4,2,"1,4",2,4,False,False,7/8,0
4,2,"1,4",3,3,False,False,7/8,0
4,2,"1,4",3,4,True,False,8/8,1
4,2,"1,4",4,4,False,False,7/8,0
4,2,"2,3",1,1,False,False,7/8,0
4,2,"2,3",1,2,False,False,7/8,0
4,2,"2,3",1,3,False,False,6/8,0
4,2,"2,3",1,4,False,False,5/8,0
4,2,"2,3",2,2,False,False,7/8,0
4,2,"2,3",2,3,True,False,8/8,1
4,2,"2,3",2,4,False,False,7/8,0
4,2,"2,3",3,3,False,False,7/8,0
4,2,"2,3",3,4,False,False,7/8,0
4,2,"2,3",4,4,False,False,7/8,0
4,2,"2,4",1,1,False,False,7/8,0
4,2,"2,4",1,2,False,False,7/8,0
4,2,"2,4",1,3,False,False,6/8,0
4,2,"2,4",1,4,False,False,5/8,0
4,2,"2,4",2,2,False,False,7/8,0
4,2,"2,4",2,3,True,False,8/8,1
4,2,"2,4",2,4,False,False,7/8,0
4,2,"2,4",3,3,False,False,7/8,0
4,2,"2,4",3,4,True,False,8/8,1
4,2,"2,4",4,4,False,False,7/8,0
4,2,"3,4",1,1,False,False,7/8,0
4,2,"3,4",1,2,False,False,7/8,0
4,2,"3,4",1,3,False,False,6/8,0
4,2,"3,4",1,4,False,False,5/8,0
4,2,"3,4",2,2,False,False,7/8,0
4,2,"3,4",2,3,False,False,7/8,0
4,2,"3,4",2,4,False,False,7/8,0
4,2,"3,4",3,3,False,False,7/8,0
4,2,"3,4",3,4,True,False,8/8,1
4,2,"3,4",4,4,False,False,7/8,0
4,3,"1,2,3",1,1,False,False,7/9,0
4,3,"1,2,3",1,2,False,False,7/9,0
4,3,"1,2,3",1,3,False,False,6/9,0
4,3,"1,2,3",1,4,False,False,5/9,0
4,3,"1,2,3",2,2,False,False,7/9,0
4,3,"1,2,3",2,3,False,False,8/9,0
4,3,"1,2,3",2,4,False,False,7/9,0
4,3,"1,2,3",3,3,False,False,7/9,0
4,3,"1,2,3",3,4,False,False,7/9,0
4,3,"1,2,3",4,4,False,False,7/9,0
4,3,"1,2,4",1,1,False,False,7/9,0
4,3,"1,2,4",1,2,False,False,7/9,0
4,3,"1,2,4",1,3,False,False,6/9,0
4,3,"1,2,4",1,4,False,False,5/9,0
4,3,"1,2,4",2,2,False,False,7/9,0
4,3,"1,2,4",2,3,False,False,8/9,0
4,3,"1,2,4",2,4,False,False,7/9,0
4,3,"1,2,4",3,3,False,False,7/9,0
4,3,"1,2,4",3,4,False,False,8/9,0
4,3,"1,2,4",4,4,False,False,7/9,0
4,3,"1,3,4",1,1,False,False,7/9,0
4,3,"1,3,4",1,2,False,False,7/9,0
4,3,"1,3,4",1,3,False,False,6/9,0
4,3,"1,3,4",1,4,False,False,5/9,0
4,3,"1,3,4",2,2,False,False,7/9,0
4,3,"1,3,4",2,3,False,False,8/9,0
4,3,"1,3,4",2,4,False,False,7/9,0
4,3,"1,3,4",3,3,False,False,7/9,0
4,3,"1,3,4",3,4,False,False,8/9,0
4,3,"1,3,4",4,4,False,False,7/9,0
4,3,"2,3,4",1,1,False,False,7/9,0
4,3,"2,3,4",1,2,False,False,7/9,0
4,3,"2,3,4",1,3,False,False,6/9,0
4,3,"2,3,4",1,4,False,False,5/9,0
4,3,"2,3,4",2,2,False,False,7/9,0
4,3,"2,3,4",2,3,False,False,8/9,0
4,3,"2,3,4",2,4,False,False,7/9,0
4,3,"2,3,4",3,3,False,False,7/9,0
4,3,"2,3,4",3,4,False,False,8/9,0
4,3,"2,3,4",4,4,False,False,7/9,0
4,4,"1,2,3,4",1,1,False,False,7/10,0
4,4,"1,2,3,4",1,2,False,False,7/10,0
4,4,"1,2,3,4",1,3,False,True,6/10,0
4,4,"1,2,3,4",1,4,False,False,5/10,0
4,4,"1,2,3,4",2,2,False,False,7/10,0
4,4,"1,2,3,4",2,3,False,False,8/10,0
4,4,"1,2,3,4",2,4,False,True,7/10,0
4,4,"1,2,3,4",3,3,False,False,7/10,0
4,4,"1,2,3,4",3,4,False,False,8/10,0
4,4,"1,2,3,4",4,4,False,False,7/10,0
5,0,"",1,1,True,False,8/8,0
5,0,"",1,2,True,False,8/8,0
5,0,"",1,3,True,True,8/8,0
5,0,"",1,4,False,False,7/8,0
5,0,"",1,5,False,False,6/8,0
5,0,"",2,2,True,False,8/8,0
5,0,"",2,3,True,False,8/8,0
5,0,"",2,4,True,True,8/8,0
5,0,"",2,5,True,False,8/8,0
5,0,"",3,3,True,False,8/8,0
5,0,"",3,4,True,False,8/8,0
5,0,"",3,5,True,True,8/8,0
5,0,"",4,4,True,False,8/8,0
5,0,"",4,5,True,False,8/8,0
5,0,"",5,5,True,False,8/8,0
5,1,"1",1,1,True,False,9/9,0
5,1,"1",1,2,True,False,9/9,0
5,1,"1",1,3,False,False,8/9,0
5,1,"1",1,4,False,False,7/9,0
5,1,"1",1,5,False,False,6/9,0
5,1,"1",2,2,True,False,9/9,0
5,1,"1",2,3,True,False,9/9,0
5,1,"1",2,4,True,False,9/9,0
5,1,"1",2,5,False,False,8/9,0
5,1,"1",3,3,True,False,9/9,0
5,1,"1",3,4,True,False,9/9,0
5,1,"1",3,5,True,False,9/9,0
5,1,"1",4,4,True,False,9/9,0
5,1,"1",4,5,True,False,9/9,0
5,1,"1",5,5,True,False,9/9,0
5,1,"2",1,1,True,False,9/9,0
5,1,"2",1,2,True,False,9/9,0
5,1,"2",1,3,False,False,8/9,0
5,1,"2",1,4,False,False,7/9,0
5,1,"2",1,5,False,False,6/9,0
5,1,"2",2,2,True,False,9/9,0
5,1,"2",2,3,True,False,9/9,0
5,1,"2",2,4,True,False,9/9,0
5,1,"2",2,5,False,False,8/9,0
5,1,"2",3,3,True,False,9/9,0
5,1,"2",3,4,True,False,9/9,0
5,1,"2",3,5,True,False,9/9,0
5,1,"2",4,4,True,False,9/9,0
5,1,"2",4,5,True,False,9/9,0
5,1,"2",5,5,True,False,9/9,0
5,1,"3",1,1,True,False,9/9,0
5,1,"3",1,2,True,False,9/9,0
5,1,"3",1,3,False,False,8/9,0
5,1,"3",1,4,False,False,7/9,0
5,1,"3",1,5,False,False,6/9,0
5,1,"3",2,2,True,False,9/9,0
5,1,"3",2,3,True,False,9/9,0
5,1,"3",2,4,True,False,9/9,0
5,1,"3",2,5,False,False,8/9,0
5,1,"3",3,3,True,False,9/9,0
5,1,"3",3,4,True,False,9/9,0
5,1,"3",3,5,True,False,9/9,0
5,1,"3",4,4,True,False,9/9,0
5,1,"3",4,5,True,False,9/9,0
5,1,"3",5,5,True,False,9/9,0
5,1,"4",1,1,True,False,9/9,0
5,1,"4",1,2,True,False,9/9,0
5,1,"4",1,3,False,False,8/9,0
5,1,"4",1,4,False,False,7/9,0
5,1,"4",1,5,False,False,6/9,0
5,1,"4",2,2,True,False,9/9,0
5,1,"4",2,3,True,False,9/9,0
5,1,"4",2,4,True,False,9/9,0
5,1,"4",2,5,False,False,8/9,0
5,1,"4",3,3,True,False,9/9,0
5,1,"4",3,4,True,False,9/9,0
5,1,"4",3,5,True,False,9/9,0
5,1,"4",4,4,True,False,9/9,0
5,1,"4",4,5,True,False,9/9,0
5,1,"4",5,5,True,False,9/9,0
5,1,"5",1,1,True,False,9/9,0
5,1,"5",1,2,True,False,9/9,0
5,1,"5",1,3,False,False,8/9,0
5,1,"5",1,4,False,False,7/9,0
5,1,"5",1,5,False,False,6/9,0
5,1,"5",2,2,True,False,9/9,0
5,1,"5",2,3,True,False,9/9,0
5,1,"5",2,4,True,False,9/9,0
5,1,"5",2,5,False,False,8/9,0
5,1,"5",3,3,True,False,9/9,0
5,1,"5",3,4,True,False,9/9,0
5,1,"5",3,5,True,False,9/9,0
5,1,"5",4,4,True,False,9/9,0
5,1,"5",4,5,True,False,9/9,0
5,1,"5",5,5,True,False,9/9,0
5,2,"1,2",1,1,False,False,9/10,0
5,2,"1,2",1,2,False,False,9/10,0
5,2,"1,2",1,3,False,False,8/10,0
5,2,"1,2",1,4,False,False,7/10,0
5,2,"1,2",1,5,False,False,6/10,0
5,2,"1,2",2,2,False,False,9/10,0
5,2,"1,2",2,3,False,False,9/10,0
5,2,"1,2",2,4,False,False,9/10,0
5,2,"1,2",2,5,False,False,8/10,0
5,2,"1,2",3,3,False,False,9/10,0
5,2,"1,2",3,4,False,False,9/10,0
5,2,"1,2",3,5,False,False,9/10,0
5,2,"1,2",4,4,False,False,9/10,0
5,2,"1,2",4,5,False,False,9/10,0
5,2,"1,2",5,5,False,False,9/10,0
5,2,"1,3",1,1,False,False,9/10,0
5,2,"1,3",1,2,False,False,9/10,0
5,2,"1,3",1,3,False,False,8/10,0
5,2,"1,3",1,4,False,False,7/10,0
5,2,"1,3",1,5,False,False,6/10,0
5,2,"1,3",2,2,False,False,9/10,0
5,2,"1,3",2,3,True,False,10/10,0
5,2,"1,3",2,4,False,False,9/10,0
5,2,"1,3",2,5,False,False,8/10,0
5,2,"1,3",3,3,False,False,9/10,0
5,2,"1,3",3,4,False,False,9/10,0
5,2,"1,3",3,5,False,False,9/10,0
5,2,"1,3",4,4,False,False,9/10,0
5,2,"1,3",4,5,False,False,9/10,0
5,2,"1,3",5,5,False,False,9/10,0
5,2,"1,4",1,1,False,False,9/10,0
5,2,"1,4",1,2,False,False,9/10,0
5,2,"1,4",1,3,False,False,8/10,0
5,2,"1,4",1,4,False,False,7/10,0
5,2,"1,4",1,5,False,False,6/10,0
5,2,"1,4",2,2,False,False,9/10,0
5,2,"1,4",2,3,True,False,10/10,0
5,2,"1,4",2,4,False,False,9/10,0
5,2,"1,4",2,5,False,False,8/10,0
5,2,"1,4",3,3,False,False,9/10,0
5,2,"1,4",3,4,True,False,10/10,0
5,2,"1,4",3,5,False,False,9/10,0
5,2,"1,4",4,4,False,False,9/10,0
5,2,"1,4",4,5,False,False,9/10,0
5,2,"1,4",5,5,False,False,9/10,0
5,2,"1,5",1,1,False,False,9/10,0
5,2,"1,5",1,2,False,False,9/10,0
5,2,"1,5",1,3,False,False,8/10,0
5,2,"1,5",1,4,False,False,7/10,0
5,2,"1,5",1,5,False,False,6/10,0
5,2,"1,5",2,2,False,False,9/10,0
5,2,"1,5",2,3,True,False,10/10,0
5,2,"1,5",2,4,False,False,9/10,0
5,2,"1,5",2,5,False,False,8/10,0
5,2,"1,5",3,3,False,False,9/10,0
5,2,"1,5",3,4,True,False,10/10,0
5,2,"1,5",3,5,False,False,9/10,0
5,2,"1,5",4,4,False,False,9/10,0
5,2,"1,5",4,5,True,False,10/10,0
5,2,"1,5",5,5,False,False,9/10,0
5,2,"2,3",1,1,False,False,9/10,0
5,2,"2,3",1,2,False,False,9/10,0
5,2,"2,3",1,3,False,False,8/10,0
5,2,"2,3",1,4,False,False,7/10,0
5,2,"2,3",1,5,False,False,6/10,0
5,2,"2,3",2,2,False,False,9/10,0
5,2,"2,3",2,3,True,False,10/10,0
5,2,"2,3",2,4,False,False,9/10,0
5,2,"2,3",2,5,False,False,8/10,0
5,2,"2,3",3,3,False,False,9/10,0
5,2,"2,3",3,4,False,False,9/10,0
5,2,"2,3",3,5,False,False,9/10,0
5,2,"2,3",4,4,False,False,9/10,0
5,2,"2,3",4,5,False,False,9/10,0
5,2,"2,3",5,5,False,False,9/10,0
5,2,"2,4",1,1,False,False,9/10,0
5,2,"2,4",1,2,False,False,9/10,0
5,2,"2,4",1,3,False,False,8/10,0
5,2,"2,4",1,4,False,False,7/10,0
5,2,"2,4",1,5,False,False,6/10,0
5,2,"2,4",2,2,False,False,9/10,0
5,2,"2,4",2,3,True,False,10/10,0
5,2,"2,4",2,4,False,False,9/10,0
5,2,"2,4",2,5,False,False,8/10,0
5,2,"2,4",3,3,False,False,9/10,0
5,2,"2,4",3,4,True,False,10/10,0
5,2,"2,4",3,5,False,False,9/10,0
5,2,"2,4",4,4,False,False,9/10,0
5,2,"2,4",4,5,False,False,9/10,0
5,2,"2,4",5,5,False,False,9/10,0
5,2,"2,5",1,1,False,False,9/10,0
5,2,"2,5",1,2,False,False,9/10,0
5,2,"2,5",1,3,False,False,8/10,0
5,2,"2,5",1,4,False,False,7/10,0
5,2,"2,5",1,5,False,False,6/10,0
5,2,"2,5",2,2,False,False,9/10,0
5,2,"2,5",2,3,True,False,10/10,0
5,2,"2,5",2,4,False,False,9/10,0
5,2,"2,5",2,5,False,False,8/10,0
5,2,"2,5",3,3,False,False,9/10,0
5,2,"2,5",3,4,True,False,10/10,0
5,2,"2,5",3,5,False,False,9/10,0
5,2,"2,5",4,4,False,False,9/10,0
5,2,"2,5",4,5,True,False,10/10,0
5,2,"2,5",5,5,False,False,9/10,0
5,2,"3,4",1,1,False,False,9/10,0
5,2,"3,4",1,2,False,False,9/10,0
5,2,"3,4",1,3,False,False,8/10,0
5,2,"3,4",1,4,False,False,7/10,0
5,2,"3,4",1,5,False,False,6/10,0
5,2,"3,4",2,2,False,False,9/10,0
5,2,"3,4",2,3,False,False,9/10,0
5,2,"3,4",2,4,False,False,9/10,0
5,2,"3,4",2,5,False,False,8/10,0
5,2,"3,4",3,3,False,False,9/10,0
5,2,"3,4",3,4,True,False,10/10,0
5,2,"3,4",3,5,False,False,9/10,0
5,2,"3,4",4,4,False,False,9/10,0
5,2,"3,4",4,5,False,False,9/10,0
5,2,"3,4",5,5,False,False,9/10,0
5,2,"3,5",1,1,False,False,9/10,0
5,2,"3,5",1,2,False,False,9/10,0
5,2,"3,5",1,3,False,False,8/10,0
5,2,"3,5",1,4,False,False,7/10,0
5,2,"3,5",1,5,False,False,6/10,0
5,2,"3,5",2,2,False,False,9/10,0
5,2,"3,5",2,3,False,False,9/10,0
5,2,"3,5",2,4,False,False,9/10,0
5,2,"3,5",2,5,False,False,8/10,0
5,2,"3,5",3,3,False,False,9/10,0
5,2,"3,5",3,4,True,False,10/10,0
5,2,"3,5",3,5,False,False,9/10,0
5,2,"3,5",4,4,False,False,9/10,0
5,2,"3,5",4,5,True,False,10/10,0
5,2,"3,5",5,5,False,False,9/10,0
5,2,"4,5",1,1,False,False,9/10,0
5,2,"4,5",1,2,False,False,9/10,0
5,2,"4,5",1,3,False,False,8/10,0
5,2,"4,5",1,4,False,False,7/10,0
5,2,"4,5",1,5,False,False,6/10,0
5,2,"4,5",2,2,False,False,9/10,0
5,2,"4,5",2,3,False,False,9/10,0
5,2,"4,5",2,4,False,False,9/10,0
5,2,"4,5",2,5,False,False,8/10,0
5,2,"4,5",3,3,False,False,9/10,0
5,2,"4,5",3,4,False,False,9/10,0
5,2,"4,5",3,5,False,False,9/10,0
5,2,"4,5",4,4,False,False,9/10,0
5,2,"4,5",4,5,True,False,10/10,0
5,2,"4,5",5,5,False,False,9/10,0
5,3,"1,2,3",1,1,False,False,9/11,0
5,3,"1,2,3",1,2,False,False,9/11,0
5,3,"1,2,3",1,3,False,False,8/11,0
5,3,"1,2,3",1,4,False,False,7/11,0
5,3,"1,2,3",1,5,False,False,6/11,0
5,3,"1,2,3",2,2,False,False,9/11,0
5,3,"1,2,3",2,3,False,False,10/11,0
5,3,"1,2,3",2,4,False,False,9/11,0
5,3,"1,2,3",2,5,False,False,8/11,0
5,3,"1,2,3",3,3,False,False,9/11,0
5,3,"1,2,3",3,4,False,False,9/11,0
5,3,"1,2,3",3,5,False,False,9/11,0
5,3,"1,2,3",4,4,False,False,9/11,0
5,3,"1,2,3",4,5,False,False,9/11,0
5,3,"1,2,3",5,5,False,False,9/11,0
5,3,"1,2,4",1,1,False,False,9/11,0
5,3,"1,2,4",1,2,False,False,9/11,0
5,3,"1,2,4",1,3,False,False,8/11,0
5,3,"1,2,4",1,4,False,False,7/11,0
5,3,"1,2,4",1,5,False,False,6/11,0
5,3,"1,2,4",2,2,False,False,9/11,0
5,3,"1,2,4",2,3,False,False,10/11,0
5,3,"1,2,4",2,4,False,False,9/11,0
5,3,"1,2,4",2,5,False,False,8/11,0
5,3,"1,2,4",3,3,False,False,9/11,0
5,3,"1,2,4",3,4,False,False,10/11,0
5,3,"1,2,4",3,5,False,False,9/11,0
5,3,"1,2,4",4,4,False,False,9/11,0
5,3,"1,2,4",4,5,False,False,9/11,0
5,3,"1,2,4",5,5,False,False,9/11,0
5,3,"1,2,5",1,1,False,False,9/11,0
5,3,"1,2,5",1,2,False,False,9/11,0
5,3,"1,2,5",1,3,False,False,8/11,0
5,3,"1,2,5",1,4,False,False,7/11,0
5,3,"1,2,5",1,5,False,False,6/11,0
5,3,"1,2,5",2,2,False,False,9/11,0
5,3,"1,2,5",2,3,False,False,10/11,0
5,3,"1,2,5",2,4,False,False,9/11,0
5,3,"1,2,5",2,5,False,False,8/11,0
5,3,"1,2,5",3,3,False,False,9/11,0
5,3,"1,2,5",3,4,False,False,10/11,0
5,3,"1,2,5",3,5,False,False,9/11,0
5,3,"1,2,5",4,4,False,False,9/11,0
5,3,"1,2,5",4,5,False,False,10/11,0
5,3,"1,2,5",5,5,False,False,9/11,0
5,3,"1,3,4",1,1,False,False,9/11,0
5,3,"1,3,4",1,2,False,False,9/11,0
5,3,"1,3,4",1,3,False,False,8/11,0
5,3,"1,3,4",1,4,False,False,7/11,0
5,3,"1,3,4",1,5,False,False,6/11,0
5,3,"1,3,4",2,2,False,False,9/11,0
5,3,"1,3,4",2,3,False,False,10/11,0
5,3,"1,3,4",2,4,False,False,9/11,0
5,3,"1,3,4",2,5,False,False,8/11,0
5,3,"1,3,4",3,3,False,False,9/11,0
5,3,"1,3,4",3,4,False,False,10/11,0
5,3,"1,3,4",3,5,False,False,9/11,0
5,3,"1,3,4",4,4,False,False,9/11,0
5,3,"1,3,4",4,5,False,False,9/11,0
5,3,"1,3,4",5,5,False,False,9/11,0
5,3,"1,3,5",1,1,False,False,9/11,0
5,3,"1,3,5",1,2,False,False,9/11,0
5,3,"1,3,5",1,3,False,False,8/11,0
5,3,"1,3,5",1,4,False,False,7/11,0
5,3,"1,3,5",1,5,False,False,6/11,0
5,3,"1,3,5",2,2,False,False,9/11,0
5,3,"1,3,5",2,3,False,False,10/11,0
5,3,"1,3,5",2,4,False,False,9/11,0
5,3,"1,3,5",2,5,False,False,8/11,0
5,3,"1,3,5",3,3,False,False,9/11,0
5,3,"1,3,5",3,4,False,False,10/11,0
5,3,"1,3,5",3,5,False,False,9/11,0
5,3,"1,3,5",4,4,False,False,9/11,0
5,3,"1,3,5",4,5,False,False,10/11,0
5,3,"1,3,5",5,5,False,False,9/11,0
5,3,"1,4,5",1,1,False,False,9/11,0
5,3,"1,4,5",1,2,False,False,9/11,0
5,3,"1,4,5",1,3,False,False,8/11,0
5,3,"1,4,5",1,4,False,False,7/11,0
5,3,"1,4,5",1,5,False,False,6/11,0
5,3,"1,4,5",2,2,False,False,9/11,0
5,3,"1,4,5",2,3,False,False,10/11,0
5,3,"1,4,5",2,4,False,False,9/11,0
5,3,"1,4,5",2,5,False,False,8/11,0
5,3,"1,4,5",3,3,False,False,9/11,0
5,3,"1,4,5",3,4,False,False,10/11,0
5,3,"1,4,5",3,5,False,False,9/11,0
5,3,"1,4,5",4,4,False,False,9/11,0
5,3,"1,4,5",4,5,False,False,10/11,0
5,3,"1,4,5",5,5,False,False,9/11,0
5,3,"2,3,4",1,1,False,False,9/11,0
5,3,"2,3,4",1,2,False,False,9/11,0
5,3,"2,3,4",1,3,False,False,8/11,0
5,3,"2,3,4",1,4,False,False,7/11,0
5,3,"2,3,4",1,5,False,False,6/11,0
5,3,"2,3,4",2,2,False,False,9/11,0
5,3,"2,3,4",2,3,False,False,10/11,0
5,3,"2,3,4",2,4,False,False,9/11,0
5,3,"2,3,4",2,5,False,False,8/11,0
5,3,"2,3,4",3,3,False,False,9/11,0
5,3,"2,3,4",3,4,False,False,10/11,0
5,3,"2,3,4",3,5,False,False,9/11,0
5,3,"2,3,4",4,4,False,False,9/11,0
5,3,"2,3,4",4,5,False,False,9/11,0
5,3,"2,3,4",5,5,False,False,9/11,0
5,3,"2,3,5",1,1,False,False,9/11,0
5,3,"2,3,5",1,2,False,False,9/11,0
5,3,"2,3,5",1,3,False,False,8/11,0
5,3,"2,3,5",1,4,False,False,7/11,0
5,3,"2,3,5",1,5,False,False,6/11,0
5,3,"2,3,5",2,2,False,False,9/11,0
5,3,"2,3,5",2,3,False,False,10/11,0
5,3,"2,3,5",2,4,False,False,9/11,0
5,3,"2,3,5",2,5,False,False,8/11,0
5,3,"2,3,5",3,3,False,False,9/11,0
5,3,"2,3,5",3,4,False,False,10/11,0
5,3,"2,3,5",3,5,False,False,9/11,0
5,3,"2,3,5",4,4,False,False,9/11,0
5,3,"2,3,5",4,5,False,False,10/11,0
5,3,"2,3,5",5,5,False,False,9/11,0
5,3,"2,4,5",1,1,False,False,9/11,0
5,3,"2,4,5",1,2,False,False,9/11,0
5,3,"2,4,5",1,3,False,False,8/11,0
5,3,"2,4,5",1,4,False,False,7/11,0
5,3,"2,4,5",1,5,False,False,6/11,0
5,3,"2,4,5",2,2,False,False,9/11,0
5,3,"2,4,5",2,3,False,False,10/11,0
5,3,"2,4,5",2,4,False,False,9/11,0
5,3,"2,4,5",2,5,False,False,8/11,0
5,3,"2,4,5",3,3,False,False,9/11,0
5,3,"2,4,5",3,4,False,False,10/11,0
5,3,"2,4,5",3,5,False,False,9/11,0
5,3,"2,4,5",4,4,False,False,9/11,0
5,3,"2,4,5",4,5,False,False,10/11,0
5,3,"2,4,5",5,5,False,False,9/11,0
5,3,"3,4,5",1,1,False,False,9/11,0
5,3,"3,4,5",1,2,False,False,9/11,0
5,3,"3,4,5",1,3,False,False,8/11,0
5,3,"3,4,5",1,4,False,False,7/11,0
5,3,"3,4,5",1,5,False,False,6/11,0
5,3,"3,4,5",2,2,False,False,9/11,0
5,3,"3,4,5",2,3,False,False,9/11,0
5,3,"3,4,5",2,4,False,False,9/11,0
5,3,"3,4,5",2,5,False,False,8/11,0
5,3,"3,4,5",3,3,False,False,9/11,0
5,3,"3,4,5",3,4,False,False,10/11,0
5,3,"3,4,5",3,5,False,False,9/11,0
5,3,"3,4,5",4,4,False,False,9/11,0
5,3,"3,4,5",4,5,False,False,10/11,0
5,3,"3,4,5",5,5,False,False,9/11,0
5,4,"1,2,3,4",1,1,False,False,9/12,0
5,4,"1,2,3,4",1,2,False,False,9/12,0
5,4,"1,2,3,4",1,3,False,False,8/12,0
5,4,"1,2,3,4",1,4,False,False,7/12,0
5,4,"1,2,3,4",1,5,False,False,6/12,0
5,4,"1,2,3,4",2,2,False,False,9/12,0
5,4,"1,2,3,4",2,3,False,False,10/12,0
5,4,"1,2,3,4",2,4,False,False,9/12,0
5,4,"1,2,3,4",2,5,False,False,8/12,0
5,4,"1,2,3,4",3,3,False,False,9/12,0
5,4,"1,2,3,4",3,4,False,False,10/12,0
5,4,"1,2,3,4",3,5,False,False,9/12,0
5,4,"1,2,3,4",4,4,False,False,9/12,0
5,4,"1,2,3,4",4,5,False,False,9/12,0
5,4,"1,2,3,4",5,5,False,False,9/12,0
5,4,"1,2,3,5",1,1,False,False,9/12,0
5,4,"1,2,3,5",1,2,False,False,9/12,0
5,4,"1,2,3,5",1,3,False,False,8/12,0
5,4,"1,2,3,5",1,4,False,False,7/12,0
5,4,"1,2,3,5",1,5,False,False,6/12,0
5,4,"1,2,3,5",2,2,False,False,9/12,0
5,4,"1,2,3,5",2,3,False,False,10/12,0
5,4,"1,2,3,5",2,4,False,False,9/12,0
5,4,"1,2,3,5",2,5,False,False,8/12,0
5,4,"1,2,3,5",3,3,False,False,9/12,0
5,4,"1,2,3,5",3,4,False,False,10/12,0
5,4,"1,2,3,5",3,5,False,False,9/12,0
5,4,"1,2,3,5",4,4,False,False,9/12,0
5,4,"1,2,3,5",4,5,False,False,10/12,0
5,4,"1,2,3,5",5,5,False,False,9/12,0
5,4,"1,2,4,5",1,1,False,False,9/12,0
5,4,"1,2,4,5",1,2,False,False,9/12,0
5,4,"1,2,4,5",1,3,False,False,8/12,0
5,4,"1,2,4,5",1,4,False,False,7/12,0
5,4,"1,2,4,5",1,5,False,False,6/12,0
5,4,"1,2,4,5",2,2,False,False,9/12,0
5,4,"1,2,4,5",2,3,False,False,10/12,0
5,4,"1,2,4,5",2,4,False,False,9/12,0
5,4,"1,2,4,5",2,5,False,False,8/12,0
